icao24,callsign,origin_country,time_position,last_contact,longitude,latitude,baro_altitude,on_ground,velocity,true_track,vertical_rate,sensors,geo_altitude,squawk,spi,position_source
a35592,JBU591  ,United States,1713884366,1713884366,-71.0142,42.368,,True,0.06,261.56,,,,3637,False,0
a04e00,DAL2456 ,United States,1713884358,1713884367,-71.0207,42.3636,,True,0.06,5.62,,,,2267,False,0
a4d65c,RPA4334 ,United States,1713884369,1713884369,-71.0214,42.3622,,True,0.0,151.88,,,,4077,False,0
a9c5c5,JBU651  ,United States,1713884350,1713884365,-71.0172,42.3654,,True,0.0,303.75,,,,2603,False,0
adc96f,MTN8310 ,United States,1713884363,1713884370,-71.0047,42.3779,,True,0.06,213.75,,,,,False,0
a2dda1,JBU709  ,United States,1713884370,1713884370,-71.0143,42.37,,True,4.37,135.0,,,,4121,False,0
a358bd,JBU392  ,United States,1713884369,1713884369,-71.0061,42.3628,,True,23.66,199.69,,,,7532,True,0
a4c9d5,JBU1621 ,United States,1713884369,1713884369,-71.0124,42.367,,True,4.89,329.06,,,,7254,False,0
a21519,,United States,1713884324,1713884324,-71.0155,42.3735,,True,7.72,312.19,,,,,False,0
a262ad,ASA537  ,United States,1713884369,1713884369,-71.0141,42.3638,,True,5.4,112.5,,,,,False,0
abb972,SWA2676 ,United States,1713884363,1713884363,-71.0155,42.3636,,True,0.0,264.38,,,,3111,False,0
ac1f61,RPA5620 ,United States,1713884366,1713884366,-71.0152,42.3588,,True,8.23,281.25,,,,0502,False,0
a0267b,DAL849  ,United States,1713884369,1713884370,-71.0246,42.3647,,True,0.0,272.81,,,,0572,False,0
a3b063,LXJ337  ,United States,1713884365,1713884365,-71.0212,42.3746,,True,0.0,312.19,,,,1542,False,0
a4da13,RPA4349 ,United States,1713884368,1713884368,-71.0214,42.3608,,True,1.03,45.0,,,,,False,0
a2f092,ENY3807 ,United States,1713884230,1713884230,-71.0202,42.3614,,True,0.39,25.31,,,,6716,False,0
a448d5,UAL1187 ,United States,1713884197,1713884197,-71.0171,42.3626,,True,1.03,300.94,,,,1703,False,0
a36553,JBU2432 ,United States,1713884202,1713884202,-71.0153,42.3664,,True,0.0,236.25,,,,2604,False,0
ab1c04,AAL877  ,United States,1713884369,1713884369,-71.0197,42.3611,,True,0.0,81.56,,,,2314,False,0
a35592,JBU591  ,United States,1713884422,1713884422,-71.0142,42.368,,True,0.06,261.56,,,,3637,False,0
a04e00,DAL2456 ,United States,1713884423,1713884423,-71.0207,42.3636,,True,0.06,5.62,,,,2267,False,0
a4d65c,RPA4334 ,United States,1713884379,1713884383,-71.0214,42.3622,,True,0.0,151.88,,,,4077,False,0
a9c5c5,JBU651  ,United States,1713884420,1713884420,-71.0172,42.3654,,True,0.0,303.75,,,,2603,False,0
adc96f,MTN8310 ,United States,1713884426,1713884426,-71.0132,42.3644,60.96,False,46.3,216.87,7.15,,114.3,,False,0
a2dda1,JBU709  ,United States,1713884426,1713884426,-71.0116,42.3695,,True,6.43,45.0,,,,4121,False,0
a358bd,JBU392  ,United States,1713884424,1713884425,-71.0105,42.3623,,True,1.54,295.31,,,,7532,True,0
a4c9d5,JBU1621 ,United States,1713884424,1713884424,-71.0148,42.3695,,True,5.92,315.0,,,,7254,False,0
a21519,,United States,1713884390,1713884390,-71.0194,42.3765,,True,6.69,312.19,,,,,False,0
a262ad,ASA537  ,United States,1713884425,1713884425,-71.0117,42.3667,,True,7.72,19.69,,,,,False,0
abb972,SWA2676 ,United States,1713884418,1713884424,-71.0155,42.3636,,True,0.0,264.38,,,,3111,False,0
adf4e9,JBU2895 ,United States,1713884424,1713884426,-71.0169,42.3676,,True,0.0,208.12,,,,,False,0
ac1f61,RPA5620 ,United States,1713884424,1713884424,-71.0204,42.3594,,True,9.77,300.94,,,,0502,False,0
a0267b,DAL849  ,United States,1713884377,1713884381,-71.0246,42.3647,,True,0.0,272.81,,,,0572,False,0
a3b063,LXJ337  ,United States,1713884416,1713884416,-71.0212,42.3746,,True,0.0,312.19,,,,1542,False,0
a4da13,RPA4349 ,United States,1713884424,1713884425,-71.0219,42.3608,,True,0.0,120.94,,,,,False,0
a2f092,ENY3807 ,United States,1713884230,1713884230,-71.0202,42.3614,,True,0.39,25.31,,,,6716,False,0
a448d5,UAL1187 ,United States,1713884197,1713884197,-71.0171,42.3626,,True,1.03,300.94,,,,1703,False,0
a36553,JBU2432 ,United States,1713884202,1713884202,-71.0153,42.3664,,True,0.0,236.25,,,,2604,False,0
ab1c04,AAL877  ,United States,1713884421,1713884425,-71.0197,42.361,,True,0.0,81.56,,,,2314,False,0
a23bfb,RPA5742 ,United States,1713884425,1713884425,-71.0039,42.3674,-68.58,False,59.56,199.69,-0.33,,-15.24,0742,False,0
a35592,JBU591  ,United States,1713884482,1713884485,-71.0142,42.368,,True,0.06,261.56,,,,3637,False,0
a39269,KAP33   ,United States,1713884488,1713884488,-71.0002,42.3751,-30.48,False,57.93,199.72,-2.93,,7.62,,False,0
a04e00,DAL2456 ,United States,1713884487,1713884487,-71.0207,42.3636,,True,0.06,5.62,,,,2267,False,0
a4d65c,RPA4334 ,United States,1713884379,1713884383,-71.0214,42.3622,,True,0.0,151.88,,,,4077,False,0
a9c5c5,JBU651  ,United States,1713884485,1713884485,-71.0172,42.3654,,True,0.0,303.75,,,,2603,False,0
adc96f,MTN8310 ,United States,1713884487,1713884488,-71.0408,42.3523,449.58,False,49.4,261.62,7.15,,495.3,,False,0
a2dda1,JBU709  ,United States,1713884482,1713884482,-71.0091,42.3729,,True,7.72,25.31,,,,4121,False,0
a358bd,JBU392  ,United States,1713884483,1713884483,-71.0124,42.3631,,True,7.2,300.94,,,,7532,True,0
a4c9d5,JBU1621 ,United States,1713884487,1713884487,-71.0172,42.3687,,True,2.83,264.38,,,,7254,False,0
a21519,,United States,1713884390,1713884390,-71.0194,42.3765,,True,6.69,312.19,,,,,False,0
a262ad,ASA537  ,United States,1713884488,1713884488,-71.011,42.37,,True,7.72,28.12,,,,,False,0
abb972,SWA2676 ,United States,1713884478,1713884478,-71.0155,42.3636,,True,0.0,264.38,,,,3111,False,0
adf4e9,JBU2895 ,United States,1713884476,1713884478,-71.0169,42.3676,,True,0.0,208.12,,,,,False,0
a23844,RPA5624 ,United States,1713884483,1713884483,-71.0212,42.3633,,True,0.0,16.88,,,,,False,0
ac1f61,RPA5620 ,United States,1713884487,1713884487,-71.0224,42.3626,,True,7.46,19.69,,,,0502,False,0
a0267b,DAL849  ,United States,1713884377,1713884381,-71.0246,42.3647,,True,0.0,272.81,,,,0572,False,0
a3b063,LXJ337  ,United States,1713884481,1713884486,-71.0212,42.3746,,True,0.0,312.19,,,,1542,False,0
a4da13,RPA4349 ,United States,1713884426,1713884428,-71.0219,42.3608,,True,0.0,120.94,,,,,False,0
a2f092,ENY3807 ,United States,1713884230,1713884230,-71.0202,42.3614,,True,0.39,25.31,,,,6716,False,0
a448d5,UAL1187 ,United States,1713884197,1713884197,-71.0171,42.3626,,True,1.03,300.94,,,,1703,False,0
a36553,JBU2432 ,United States,1713884437,1713884437,-71.0153,42.3664,,True,0.0,236.25,,,,2604,False,0
ab1c04,AAL877  ,United States,1713884479,1713884484,-71.0197,42.3611,,True,0.0,81.56,,,,2314,False,0
a23bfb,RPA5742 ,United States,1713884487,1713884487,-71.0124,42.3585,,True,4.37,275.62,,,,0742,False,0
a35592,JBU591  ,United States,1713884542,1713884545,-71.0142,42.368,,True,0.06,261.56,,,,3637,False,0
a39269,KAP33   ,United States,1713884547,1713884547,-71.009,42.3618,,True,7.72,295.31,,,,,False,0
a04e00,DAL2456 ,United States,1713884547,1713884547,-71.0207,42.3636,,True,0.06,5.62,,,,2267,False,0
a4d65c,RPA4334 ,United States,1713884379,1713884383,-71.0214,42.3622,,True,0.0,151.88,,,,4077,False,0
a9c5c5,JBU651  ,United States,1713884485,1713884485,-71.0172,42.3654,,True,0.0,303.75,,,,2603,False,0
a2dda1,JBU709  ,United States,1713884548,1713884548,-71.0073,42.3766,,True,3.34,19.69,,,,4121,False,0
a358bd,JBU392  ,United States,1713884546,1713884546,-71.0159,42.3645,,True,3.34,300.94,,,,7532,True,0
a4c9d5,JBU1621 ,United States,1713884543,1713884546,-71.018,42.369,,True,0.0,300.94,,,,7254,False,0
a21519,,United States,1713884390,1713884390,-71.0194,42.3765,,True,6.69,312.19,,,,,False,0
a262ad,ASA537  ,United States,1713884548,1713884548,-71.0092,42.3727,,True,4.63,25.31,,,,,False,0
abb972,SWA2676 ,United States,1713884543,1713884543,-71.0155,42.3636,,True,0.0,264.38,,,,3111,False,0
ad3cdf, N952JB ,United States,1713884545,1713884545,-71.0178,42.3681,,True,0.0,241.88,,,,,False,0
adf4e9,JBU2895 ,United States,1713884543,1713884543,-71.0169,42.3676,,True,0.0,208.12,,,,,False,0
a23844,RPA5624 ,United States,1713884538,1713884543,-71.0212,42.3633,,True,0.0,16.88,,,,,False,0
ac1f61,RPA5620 ,United States,1713884537,1713884537,-71.0237,42.3646,,True,0.45,2.81,,,,0502,False,0
a0267b,DAL849  ,United States,1713884377,1713884381,-71.0246,42.3647,,True,0.0,272.81,,,,0572,False,0
a3b063,LXJ337  ,United States,1713884541,1713884541,-71.0212,42.3746,,True,0.0,312.19,,,,1542,False,0
a4da13,RPA4349 ,United States,1713884547,1713884547,-71.0217,42.3604,,True,3.86,199.69,,,,,False,0
a36553,JBU2432 ,United States,1713884437,1713884437,-71.0153,42.3664,,True,0.0,236.25,,,,2604,False,0
ab1c04,AAL877  ,United States,1713884544,1713884544,-71.0197,42.361,,True,0.0,81.56,,,,2314,False,0
a54cd9,RPA4255 ,United States,1713884548,1713884548,-70.9947,42.3865,30.48,False,67.69,199.54,-4.23,,76.2,3444,False,0
a23bfb,RPA5742 ,United States,1713884547,1713884547,-71.0163,42.3589,,True,7.72,278.44,,,,0742,False,0
a35592,JBU591  ,United States,1713884605,1713884607,-71.0142,42.368,,True,0.06,261.56,,,,3637,False,0
a39269,KAP33   ,United States,1713884603,1713884603,-71.0138,42.3637,,True,9.77,298.12,,,,,False,0
a04e00,DAL2456 ,United States,1713884607,1713884607,-71.0207,42.3636,,True,0.06,5.62,,,,2267,False,0
a4d65c,RPA4334 ,United States,1713884379,1713884383,-71.0214,42.3622,,True,0.0,151.88,,,,4077,False,0
a9c5c5,JBU651  ,United States,1713884485,1713884575,-71.0172,42.3654,,True,0.0,303.75,,,,2603,False,0
a2dda1,JBU709  ,United States,1713884584,1713884584,-71.0066,42.378,,True,4.37,22.5,,,,4121,False,0
a358bd,JBU392  ,United States,1713884568,1713884568,-71.0164,42.365,,True,3.34,340.31,,,,7532,True,0
a4c9d5,JBU1621 ,United States,1713884608,1713884608,-71.018,42.369,,True,0.0,300.94,,,,7254,False,0
a21519,,United States,1713884390,1713884390,-71.0194,42.3765,,True,6.69,312.19,,,,,False,0
a262ad,ASA537  ,United States,1713884609,1713884609,-71.0077,42.3758,,True,7.72,19.69,,,,,False,0
abb972,SWA2676 ,United States,1713884605,1713884605,-71.0155,42.3636,,True,0.0,264.38,,,,3111,False,0
ad3cdf,JBU769  ,United States,1713884575,1713884580,-71.0178,42.3681,,True,0.0,241.88,,,,,False,0
adf4e9,JBU2895 ,United States,1713884603,1713884603,-71.0169,42.3676,,True,0.0,208.12,,,,,False,0
a23844,RPA5624 ,United States,1713884603,1713884603,-71.0212,42.3633,,True,0.0,16.88,,,,,False,0
ac1f61,RPA5620 ,United States,1713884537,1713884537,-71.0237,42.3646,,True,0.45,2.81,,,,0502,False,0
a0267b,DAL849  ,United States,1713884377,1713884381,-71.0246,42.3647,,True,0.0,272.81,,,,0572,False,0
a3b063,LXJ337  ,United States,1713884604,1713884605,-71.0212,42.3746,,True,0.0,312.19,,,,1542,False,0
a4da13,RPA4349 ,United States,1713884608,1713884608,-71.019,42.3587,,True,6.69,120.94,,,,,False,0
a36553,JBU2432 ,United States,1713884437,1713884437,-71.0153,42.3664,,True,0.0,236.25,,,,2604,False,0
ab1c04,AAL877  ,United States,1713884605,1713884605,-71.0197,42.361,,True,0.0,81.56,,,,2314,False,0
a54cd9,RPA4255 ,United States,1713884607,1713884607,-71.0072,42.3606,,True,13.38,202.5,,,,3444,False,0
a23bfb,RPA5742 ,United States,1713884608,1713884608,-71.0219,42.3608,,True,10.29,300.94,,,,0742,False,0
ade18c,AAL901  ,United States,1713884669,1713884669,-71.0051,42.365,-76.2,False,69.31,199.51,-0.33,,-22.86,7172,False,0
a35592,JBU591  ,United States,1713884662,1713884666,-71.0142,42.368,,True,0.06,261.56,,,,3637,False,0
a39269,KAP33   ,United States,1713884620,1713884620,-71.0158,42.3645,,True,5.14,303.75,,,,,False,0
a04e00,DAL531  ,United States,1713884663,1713884663,-71.0207,42.3636,,True,0.06,5.62,,,,2267,False,0
a4d65c,RPA4334 ,United States,1713884379,1713884383,-71.0214,42.3622,,True,0.0,151.88,,,,4077,False,0
a9c5c5,JBU651  ,United States,1713884485,1713884575,-71.0172,42.3654,,True,0.0,303.75,,,,2603,False,0
a2dda1,JBU709  ,United States,1713884668,1713884668,-71.0091,42.3689,-60.96,False,63.47,199.9,0.33,,-22.86,4121,False,0
a358bd,JBU392  ,United States,1713884568,1713884610,-71.0164,42.365,,True,3.34,340.31,,,,7532,True,0
a4c9d5,JBU1621 ,United States,1713884665,1713884665,-71.0179,42.3691,,True,0.0,300.94,,,,7254,False,0
a21519,,United States,1713884390,1713884390,-71.0194,42.3765,,True,6.69,312.19,,,,,False,0
a262ad,ASA537  ,United States,1713884663,1713884670,-71.0052,42.3782,,True,6.17,109.69,,,,,False,0
abb972,SWA2676 ,United States,1713884657,1713884662,-71.0155,42.3636,,True,0.0,264.38,,,,3111,False,0
ad3cdf,JBU769  ,United States,1713884655,1713884655,-71.0178,42.3681,,True,0.0,241.88,,,,,False,0
adf4e9,JBU2895 ,United States,1713884669,1713884669,-71.0169,42.3676,,True,0.0,208.12,,,,,False,0
a23844,RPA5624 ,United States,1713884667,1713884667,-71.0212,42.3633,,True,0.0,16.88,,,,,False,0
ac1f61,RPA5620 ,United States,1713884669,1713884669,-71.0234,42.3648,,True,2.31,70.31,,,,0502,False,0
a0267b,DAL849  ,United States,1713884377,1713884381,-71.0246,42.3647,,True,0.0,272.81,,,,0572,False,0
a3b063,LXJ337  ,United States,1713884661,1713884669,-71.0212,42.3746,,True,0.0,312.19,,,,1542,False,0
a4da13,RPA4349 ,United States,1713884665,1713884665,-71.0149,42.3602,,True,7.72,19.69,,,,,False,0
a36553,JBU2432 ,United States,1713884642,1713884642,-71.0153,42.3664,,True,0.0,236.25,,,,2604,False,0
ab1c04,AAL877  ,United States,1713884660,1713884665,-71.0197,42.361,,True,0.0,81.56,,,,2314,False,0
a54cd9,RPA4255 ,United States,1713884670,1713884670,-71.0126,42.3585,,True,2.06,278.44,,,,3444,False,0
a23bfb,RPA5742 ,United States,1713884668,1713884668,-71.0237,42.3642,,True,3.34,331.88,,,,0742,False,0
ade18c,AAL901  ,United States,1713884729,1713884729,-71.0119,42.3568,,True,7.72,303.75,,,,7172,False,0
a35592,JBU591  ,United States,1713884727,1713884727,-71.0142,42.368,,True,0.06,261.56,,,,3637,False,0
a39269,KAP33   ,United States,1713884620,1713884620,-71.0158,42.3645,,True,5.14,303.75,,,,,False,0
a04e00,DAL531  ,United States,1713884718,1713884722,-71.0207,42.3636,,True,0.06,5.62,,,,2267,False,0
a9c5c5,JBU651  ,United States,1713884485,1713884575,-71.0172,42.3654,,True,0.0,303.75,,,,2603,False,0
a358bd,JBU392  ,United States,1713884568,1713884610,-71.0164,42.365,,True,3.34,340.31,,,,7532,True,0
a2b26b,JBU1954 ,United States,1713884730,1713884730,-70.9953,42.3852,22.86,False,65.58,199.71,-3.25,,68.58,0513,False,0
a4c9d5,JBU1621 ,United States,1713884725,1713884725,-71.018,42.3691,,True,0.0,300.94,,,,7254,False,0
a262ad,ASA537  ,United States,1713884723,1713884730,-71.0008,42.3771,,True,0.0,109.69,,,,,False,0
abb972,SWA2676 ,United States,1713884727,1713884727,-71.0155,42.3636,,True,0.0,264.38,,,,3111,False,0
ad3cdf,JBU769  ,United States,1713884690,1713884690,-71.0178,42.3681,,True,0.0,241.88,,,,,False,0
adf4e9,JBU2895 ,United States,1713884730,1713884730,-71.0169,42.3676,,True,0.0,208.12,,,,,False,0
a23844,RPA5624 ,United States,1713884727,1713884727,-71.0212,42.3633,,True,0.0,16.88,,,,,False,0
ac1f61,RPA5620 ,United States,1713884696,1713884696,-71.023,42.3649,,True,0.32,78.75,,,,0502,False,0
a3b063,LXJ337  ,United States,1713884721,1713884726,-71.0212,42.3746,,True,0.0,312.19,,,,1542,False,0
a4da13,RPA4349 ,United States,1713884728,1713884728,-71.0126,42.3648,,True,8.75,19.69,,,,,False,0
a36553,JBU2432 ,United States,1713884642,1713884642,-71.0153,42.3664,,True,0.0,236.25,,,,2604,False,0
ab1c04,AAL877  ,United States,1713884724,1713884724,-71.0197,42.3611,,True,0.0,81.56,,,,2314,False,0
a54cd9,RPA4255 ,United States,1713884729,1713884729,-71.0161,42.3589,,True,7.72,278.44,,,,3444,False,0
a23bfb,RPA5742 ,United States,1713884727,1713884727,-71.0233,42.3656,,True,0.39,101.25,,,,0742,False,0
ade18c,AAL901  ,United States,1713884784,1713884785,-71.0132,42.3575,,True,0.0,292.5,,,,7172,False,0
a35592,JBU591  ,United States,1713884777,1713884782,-71.0142,42.368,,True,0.06,261.56,,,,3637,False,0
a39269,KAP33   ,United States,1713884620,1713884620,-71.0158,42.3645,,True,5.14,303.75,,,,,False,0
a04e00,DAL531  ,United States,1713884783,1713884783,-71.0207,42.3636,,True,0.06,5.62,,,,2267,False,0
a9c5c5,JBU651  ,United States,1713884485,1713884575,-71.0172,42.3654,,True,0.0,303.75,,,,2603,False,0
a66576,DAL340  ,United States,1713884777,1713884785,-71.0236,42.3638,,True,0.9,174.38,,,,,False,0
a358bd,JBU392  ,United States,1713884568,1713884610,-71.0164,42.365,,True,3.34,340.31,,,,7532,True,0
a2b26b,JBU1954 ,United States,1713884786,1713884786,-71.0072,42.3606,,True,14.92,205.31,,,,0513,False,0
a4c9d5,JBU1621 ,United States,1713884781,1713884783,-71.018,42.3691,,True,0.0,300.94,,,,7254,False,0
a262ad,ASA537  ,United States,1713884784,1713884784,-71.0008,42.3771,,True,0.0,109.69,,,,,False,0
abb972,SWA2676 ,United States,1713884782,1713884783,-71.0155,42.3636,,True,0.0,264.38,,,,3111,False,0
ad3cdf,JBU769  ,United States,1713884749,1713884749,-71.0178,42.3681,,True,0.0,241.88,,,,,False,0
adf4e9,JBU2895 ,United States,1713884765,1713884779,-71.0169,42.3676,,True,0.0,208.12,,,,,False,0
a23844,RPA5624 ,United States,1713884785,1713884785,-71.0213,42.3631,,True,0.9,22.5,,,,,False,0
ac1f61,RPA5620 ,United States,1713884696,1713884696,-71.023,42.3649,,True,0.32,78.75,,,,0502,False,0
a3b063,LXJ337  ,United States,1713884781,1713884781,-71.0212,42.3746,,True,0.0,312.19,,,,1542,False,0
a4da13,RPA4349 ,United States,1713884785,1713884785,-71.0123,42.3688,,True,6.69,5.62,,,,,False,0
a36553,JBU2432 ,United States,1713884642,1713884642,-71.0153,42.3664,,True,0.0,236.25,,,,2604,False,0
ab1c04,AAL877  ,United States,1713884775,1713884775,-71.0197,42.361,,True,0.0,81.56,,,,2314,False,0
a54cd9,RPA4255 ,United States,1713884783,1713884786,-71.0205,42.3603,,True,0.45,345.94,,,,3444,False,0
a23bfb,RPA5742 ,United States,1713884731,1713884732,-71.0232,42.3656,,True,0.26,101.25,,,,0742,False,0
ade18c,AAL901  ,United States,1713884847,1713884847,-71.0159,42.3581,,True,6.69,286.88,,,,7172,False,0
a35592,JBU591  ,United States,1713884847,1713884847,-71.0142,42.368,,True,0.06,261.56,,,,3637,False,0
a39269,KAP33   ,United States,1713884620,1713884620,-71.0158,42.3645,,True,5.14,303.75,,,,,False,0
a04e00,DAL531  ,United States,1713884848,1713884848,-71.0207,42.3636,,True,0.06,5.62,,,,2267,False,0
a9c5c5,JBU651  ,United States,1713884485,1713884575,-71.0172,42.3654,,True,0.0,303.75,,,,2603,False,0
a66576,DAL340  ,United States,1713884848,1713884848,-71.0236,42.364,,True,0.0,157.5,,,,,False,0
a358bd,JBU392  ,United States,1713884568,1713884610,-71.0164,42.365,,True,3.34,340.31,,,,7532,True,0
a2b26b,JBU1954 ,United States,1713884848,1713884848,-71.014,42.3586,,True,9.26,278.44,,,,0513,False,0
a4c9d5,JBU1621 ,United States,1713884840,1713884846,-71.0179,42.3691,,True,0.0,300.94,,,,7254,False,0
a262ad,ASA537  ,United States,1713884848,1713884848,-71.0,42.3769,,True,5.66,109.69,,,,,False,0
abb972,SWA2676 ,United States,1713884842,1713884847,-71.0155,42.3636,,True,0.0,264.38,,,,3111,False,0
ad3cdf,JBU769  ,United States,1713884800,1713884800,-71.0178,42.3681,,True,0.0,241.88,,,,,False,0
adf4e9,JBU2895 ,United States,1713884833,1713884845,-71.0169,42.3676,,True,0.0,208.12,,,,,False,0
a23844,RPA5624 ,United States,1713884840,1713884848,-71.0215,42.3628,,True,0.77,244.69,,,,,False,0
ac1f61,RPA5620 ,United States,1713884696,1713884696,-71.023,42.3649,,True,0.32,78.75,,,,0502,False,0
a3b063,LXJ337  ,United States,1713884832,1713884832,-71.0212,42.3746,,True,0.0,312.19,,,,1542,False,0
a4da13,RPA4349 ,United States,1713884847,1713884847,-71.0089,42.3733,,True,9.77,22.5,,,,,False,0
a25238,JBU726  ,United States,1713884848,1713884848,-71.0067,42.3615,-68.58,False,27.34,199.8,0.33,,-15.24,5627,False,0
a36553,JBU2432 ,United States,1713884809,1713884810,-71.0153,42.3664,,True,0.0,236.25,,,,2604,False,0
ab1c04,AAL877  ,United States,1713884840,1713884845,-71.0197,42.361,,True,0.0,81.56,,,,2314,False,0
a54cd9,RPA4255 ,United States,1713884783,1713884786,-71.0205,42.3603,,True,0.45,345.94,,,,3444,False,0
a23bfb,RPA5742 ,United States,1713884731,1713884732,-71.0232,42.3656,,True,0.26,101.25,,,,0742,False,0
ade18c,AAL901  ,United States,1713884905,1713884906,-71.0174,42.3593,,True,3.09,334.69,,,,7172,False,0
a35592,JBU591  ,United States,1713884902,1713884906,-71.0142,42.368,,True,0.0,261.56,,,,3637,False,0
a39269,KAP33   ,United States,1713884620,1713884620,-71.0158,42.3645,,True,5.14,303.75,,,,,False,0
a04e00,DAL531  ,United States,1713884904,1713884904,-71.0207,42.3636,,True,0.06,5.62,,,,2267,False,0
a66576,DAL340  ,United States,1713884906,1713884906,-71.0236,42.364,,True,0.0,157.5,,,,,False,0
a358bd,JBU392  ,United States,1713884568,1713884610,-71.0164,42.365,,True,3.34,340.31,,,,7532,True,0
a2b26b,JBU1954 ,United States,1713884901,1713884901,-71.0143,42.3613,,True,8.23,19.69,,,,0513,False,0
a4c9d5,JBU1621 ,United States,1713884900,1713884906,-71.018,42.369,,True,0.0,300.94,,,,7254,False,0
a262ad,ASA537  ,United States,1713884907,1713884907,-71.0052,42.3646,-60.96,False,75.34,199.55,0.0,,-22.86,,False,0
abb972,SWA2676 ,United States,1713884905,1713884905,-71.0155,42.3636,,True,0.0,264.38,,,,3111,False,0
ad3cdf,JBU769  ,United States,1713884904,1713884906,-71.0178,42.3681,,True,0.0,241.88,,,,,False,0
adf4e9,JBU2895 ,United States,1713884902,1713884906,-71.0169,42.3676,,True,0.0,208.12,,,,,False,0
a23844,RPA5624 ,United States,1713884895,1713884904,-71.0214,42.3628,,True,0.0,244.69,,,,,False,0
ac1f61,RPA5620 ,United States,1713884696,1713884696,-71.023,42.3649,,True,0.32,78.75,,,,0502,False,0
add65b,KAP314  ,United States,1713884905,1713884905,-71.0063,42.3746,-60.96,False,50.28,199.73,-2.28,,-15.24,,False,0
a3b063,LXJ337  ,United States,1713884901,1713884905,-71.0212,42.3746,,True,0.0,312.19,,,,1542,False,0
a4da13,RPA4349 ,United States,1713884906,1713884906,-71.0069,42.3775,,True,7.72,19.69,,,,,False,0
a25238,JBU726  ,United States,1713884905,1713884906,-71.0116,42.3584,,True,5.66,278.44,,,,5627,False,0
a36553,JBU2432 ,United States,1713884809,1713884810,-71.0153,42.3664,,True,0.0,236.25,,,,2604,False,0
ab1c04,AAL877  ,United States,1713884894,1713884904,-71.0196,42.361,,True,0.0,81.56,,,,2314,False,0
a54cd9,RPA4255 ,United States,1713884783,1713884786,-71.0205,42.3603,,True,0.45,345.94,,,,3444,False,0
a23bfb,RPA5742 ,United States,1713884731,1713884732,-71.0232,42.3656,,True,0.26,101.25,,,,0742,False,0
ade18c,AAL901  ,United States,1713884958,1713884964,-71.0175,42.3599,,True,0.0,351.56,,,,7172,False,0
a35592,JBU591  ,United States,1713884967,1713884967,-71.0142,42.368,,True,0.06,261.56,,,,3637,False,0
a04e00,DAL531  ,United States,1713884968,1713884968,-71.0207,42.3636,,True,0.06,5.62,,,,2267,False,0
a66576,DAL340  ,United States,1713884963,1713884968,-71.0236,42.364,,True,0.0,157.5,,,,,False,0
a2b26b,JBU1954 ,United States,1713884968,1713884968,-71.0152,42.3642,,True,3.09,309.38,,,,0513,False,0
a4c9d5,JBU1621 ,United States,1713884966,1713884966,-71.0179,42.369,,True,0.0,300.94,,,,7254,False,0
abb972,SWA2676 ,United States,1713884966,1713884966,-71.0155,42.3636,,True,0.0,264.38,,,,3111,False,0
ad3cdf,JBU769  ,United States,1713884965,1713884965,-71.0178,42.3681,,True,0.0,241.88,,,,,False,0
adf4e9,JBU2895 ,United States,1713884965,1713884965,-71.0169,42.3676,,True,0.0,208.12,,,,,False,0
a23844,RPA5624 ,United States,1713884963,1713884968,-71.0213,42.3628,,True,0.0,244.69,,,,,False,0
ac1f61,RPA5620 ,United States,1713884696,1713884696,-71.023,42.3649,,True,0.32,78.75,,,,0502,False,0
add65b,KAP314  ,United States,1713884961,1713884961,-71.0131,42.3634,,True,4.37,303.75,,,,,False,0
a3b063,LXJ337  ,United States,1713884967,1713884967,-71.0212,42.3746,,True,0.0,312.19,,,,1542,False,0
a4da13,RPA4349 ,United States,1713884967,1713884967,-71.0048,42.3777,,True,0.0,202.5,,,,,False,0
a34978,JBU1822 ,United States,1713884967,1713884967,-70.9956,42.3845,15.24,False,67.86,199.95,-3.58,,60.96,6323,False,0
a25238,JBU726  ,United States,1713884965,1713884967,-71.0143,42.3587,,True,6.69,281.25,,,,5627,False,0
a36553,JBU2432 ,United States,1713884964,1713884964,-71.0153,42.3664,,True,0.0,236.25,,,,2604,False,0
ab1c04,AAL877  ,United States,1713884925,1713884925,-71.0197,42.361,,True,0.0,81.56,,,,2314,False,0
a54cd9,RPA4255 ,United States,1713884783,1713884786,-71.0205,42.3603,,True,0.45,345.94,,,,3444,False,0
a23bfb,RPA5742 ,United States,1713884731,1713884732,-71.0232,42.3656,,True,0.26,101.25,,,,0742,False,0
ade18c,AAL901  ,United States,1713885022,1713885022,-71.0175,42.3599,,True,0.0,351.56,,,,7172,False,0
a35592,JBU591  ,United States,1713885022,1713885027,-71.0142,42.368,,True,0.06,261.56,,,,3637,False,0
a04e00,DAL531  ,United States,1713885023,1713885023,-71.0207,42.3636,,True,0.06,5.62,,,,2267,False,0
a1d811,RPA5616 ,United States,1713885020,1713885025,-71.023,42.3644,,True,0.0,78.75,,,,,False,0
a66576,DAL340  ,United States,1713885023,1713885023,-71.0236,42.364,,True,0.0,157.5,,,,,False,0
a2b26b,JBU1954 ,United States,1713884997,1713884997,-71.0151,42.3647,,True,0.64,16.88,,,,0513,False,0
abb972,SWA2676 ,United States,1713885016,1713885023,-71.0155,42.3636,,True,0.0,264.38,,,,3111,False,0
ad3cdf,JBU769  ,United States,1713885025,1713885025,-71.0178,42.3681,,True,0.0,241.88,,,,,False,0
adf4e9,JBU2895 ,United States,1713885020,1713885025,-71.0169,42.3676,,True,0.0,208.12,,,,,False,0
a23844,RPA5624 ,United States,1713885003,1713885023,-71.0213,42.3628,,True,0.0,244.69,,,,,False,0
a3b063,LXJ337  ,United States,1713885027,1713885027,-71.0212,42.3746,,True,0.0,312.19,,,,1542,False,0
a4da13,RPA4349 ,United States,1713885026,1713885026,-71.0139,42.359,22.86,False,75.99,199.78,14.31,,76.2,,False,0
a34978,JBU1822 ,United States,1713885026,1713885026,-71.0085,42.3596,,True,13.89,227.81,,,,6323,False,0
a25238,JBU726  ,United States,1713885025,1713885025,-71.0138,42.3624,,True,8.23,19.69,,,,5627,False,0
a36553,JBU2432 ,United States,1713885024,1713885024,-71.0153,42.3664,,True,0.0,236.25,,,,2604,False,0
ab1c04,AAL877  ,United States,1713885003,1713885003,-71.0196,42.361,,True,0.0,81.56,,,,2314,False,0
a54cd9,RPA4255 ,United States,1713884783,1713884786,-71.0205,42.3603,,True,0.45,345.94,,,,3444,False,0
a23bfb,RPA5742 ,United States,1713884731,1713884732,-71.0232,42.3656,,True,0.26,101.25,,,,0742,False,0
ade18c,AAL901  ,United States,1713885058,1713885063,-71.0175,42.3599,,True,0.0,351.56,,,,7172,False,0
a35592,JBU591  ,United States,1713885087,1713885091,-71.0142,42.368,,True,0.06,261.56,,,,3637,False,0
a04e00,DAL531  ,United States,1713885093,1713885093,-71.0207,42.3636,,True,0.06,5.62,,,,2267,False,0
a1d811,RPA5616 ,United States,1713885090,1713885093,-71.023,42.3645,,True,0.0,78.75,,,,,False,0
a66576,DAL340  ,United States,1713885094,1713885094,-71.0234,42.3638,,True,2.31,154.69,,,,,False,0
a2b26b,JBU1954 ,United States,1713884997,1713884997,-71.0151,42.3647,,True,0.64,16.88,,,,0513,False,0
abb972,SWA2676 ,United States,1713885086,1713885093,-71.0155,42.3636,,True,0.0,264.38,,,,3111,False,0
ad3cdf,JBU769  ,United States,1713885085,1713885091,-71.0178,42.3681,,True,0.0,241.88,,,,,False,0
adf4e9,JBU2895 ,United States,1713885080,1713885085,-71.0169,42.3676,,True,0.0,208.12,,,,,False,0
a23844,RPA5624 ,United States,1713885083,1713885083,-71.0233,42.3621,,True,5.4,233.44,,,,,False,0
a3b063,LXJ337  ,United States,1713885091,1713885091,-71.0212,42.3746,,True,0.0,312.19,,,,1542,False,0
a34978,JBU1822 ,United States,1713885093,1713885093,-71.0147,42.3587,,True,6.43,281.25,,,,6323,False,0
a25238,JBU726  ,United States,1713885088,1713885088,-71.0144,42.3641,,True,0.51,340.31,,,,5627,False,0
a36553,JBU2432 ,United States,1713885088,1713885088,-71.0153,42.3664,,True,0.0,236.25,,,,2604,False,0
ab1c04,AAL877  ,United States,1713885038,1713885064,-71.0196,42.361,,True,0.0,81.56,,,,2314,False,0
a54cd9,RPA4255 ,United States,1713884783,1713884786,-71.0205,42.3603,,True,0.45,345.94,,,,3444,False,0
ade18c,AAL901  ,United States,1713885148,1713885148,-71.0175,42.3599,,True,0.0,351.56,,,,7172,False,0
a35592,JBU591  ,United States,1713885137,1713885146,-71.0142,42.368,,True,0.06,261.56,,,,3637,False,0
a04e00,DAL531  ,United States,1713885148,1713885152,-71.0207,42.3636,,True,0.06,5.62,,,,2267,False,0
a1d811,RPA5616 ,United States,1713885090,1713885113,-71.023,42.3645,,True,0.0,78.75,,,,,False,0
a66576,DAL340  ,United States,1713885152,1713885152,-71.0235,42.3618,,True,2.31,182.81,,,,,False,0
a2b26b,JBU1954 ,United States,1713884997,1713884997,-71.0151,42.3647,,True,0.64,16.88,,,,0513,False,0
abb972,SWA2676 ,United States,1713885142,1713885147,-71.0155,42.3636,,True,0.0,264.38,,,,3111,False,0
ad3cdf,JBU769  ,United States,1713885150,1713885151,-71.0178,42.3681,,True,0.0,241.88,,,,,False,0
adf4e9,JBU2895 ,United States,1713885140,1713885145,-71.0169,42.3675,,True,0.0,208.12,,,,,False,0
a23844,RPA5624 ,United States,1713885151,1713885152,-71.0222,42.3601,,True,6.94,120.94,,,,,False,0
a3b063,LXJ337  ,United States,1713885152,1713885152,-71.0212,42.3746,,True,0.0,312.19,,,,1542,False,0
a34978,JBU1822 ,United States,1713885136,1713885136,-71.0144,42.3611,,True,7.72,19.69,,,,6323,False,0
a25238,JBU726  ,United States,1713885106,1713885106,-71.0145,42.3644,,True,2.31,343.12,,,,5627,False,0
a36553,JBU2432 ,United States,1713885117,1713885117,-71.0153,42.3664,,True,0.0,236.25,,,,2604,False,0
ab1c04,AAL877  ,United States,1713885038,1713885064,-71.0196,42.361,,True,0.0,81.56,,,,2314,False,0
a54cd9,,United States,1713885132,1713885132,-71.0208,42.3613,,True,0.64,348.75,,,,,False,0
ade18c,AAL901  ,United States,1713885213,1713885213,-71.0175,42.3599,,True,0.0,351.56,,,,7172,False,0
a35592,JBU591  ,United States,1713885207,1713885214,-71.0142,42.368,,True,0.06,261.56,,,,3637,False,0
a04e00,DAL531  ,United States,1713885213,1713885213,-71.0207,42.3636,,True,0.06,5.62,,,,2267,False,0
a1d811,RPA5616 ,United States,1713885156,1713885156,-71.023,42.3644,,True,0.0,78.75,,,,,False,0
a66576,DAL340  ,United States,1713885214,1713885214,-71.0218,42.36,,True,6.17,120.94,,,,,False,0
a2b26b,JBU1954 ,United States,1713884997,1713884997,-71.0151,42.3647,,True,0.64,16.88,,,,0513,False,0
abb972,SWA2676 ,United States,1713885207,1713885213,-71.0154,42.3636,,True,0.0,264.38,,,,3111,False,0
ad3cdf,JBU769  ,United States,1713885211,1713885211,-71.0178,42.3681,,True,0.0,241.88,,,,,False,0
adf4e9,JBU2895 ,United States,1713885204,1713885205,-71.0169,42.3676,,True,0.0,208.12,,,,,False,0
a23844,RPA5624 ,United States,1713885214,1713885214,-71.0167,42.3583,,True,8.23,101.25,,,,,False,0
a3b063,LXJ337  ,United States,1713885212,1713885212,-71.0212,42.3746,,True,0.0,312.19,,,,1542,False,0
a34978,JBU1822 ,United States,1713885214,1713885214,-71.0119,42.3664,,True,4.12,14.06,,,,6323,False,0
a25238,JBU726  ,United States,1713885106,1713885106,-71.0145,42.3644,,True,2.31,343.12,,,,5627,False,0
a36553,JBU2432 ,United States,1713885117,1713885159,-71.0153,42.3664,,True,0.0,236.25,,,,2604,False,0
ab1c04,AAL877  ,United States,1713885209,1713885212,-71.0205,42.3608,,True,1.54,42.19,,,,2314,False,0
a54cd9,,United States,1713885132,1713885132,-71.0208,42.3613,,True,0.64,348.75,,,,,False,0
ade18c,AAL901  ,United States,1713885264,1713885264,-71.0175,42.3599,,True,0.0,351.56,,,,7172,False,0
a35592,JBU591  ,United States,1713885263,1713885263,-71.0142,42.368,,True,0.06,261.56,,,,3637,False,0
a04e00,DAL531  ,United States,1713885266,1713885266,-71.0207,42.3636,,True,0.06,5.62,,,,2267,False,0
a1d811,RPA5616 ,United States,1713885156,1713885156,-71.023,42.3644,,True,0.0,78.75,,,,,False,0
a66576,DAL340  ,United States,1713885267,1713885267,-71.0181,42.3585,,True,8.23,104.06,,,,,False,0
a2b26b,JBU1954 ,United States,1713884997,1713885219,-71.0151,42.3647,,True,0.64,16.88,,,,0513,False,0
abb972,SWA2676 ,United States,1713885263,1713885263,-71.0155,42.3636,,True,0.0,264.38,,,,3111,False,0
ad3cdf,JBU769  ,United States,1713885260,1713885262,-71.0178,42.3681,,True,0.0,241.88,,,,,False,0
adf4e9,JBU2895 ,United States,1713885259,1713885265,-71.0169,42.3676,,True,0.0,208.12,,,,,False,0
a23844,RPA5624 ,United States,1713885257,1713885257,-71.0152,42.3595,,True,7.72,19.69,,,,,False,0
a3b063,LXJ337  ,United States,1713885264,1713885265,-71.0212,42.3746,,True,0.0,312.19,,,,1542,False,0
a34978,JBU1822 ,United States,1713885265,1713885267,-71.0136,42.367,,True,4.12,261.56,,,,6323,False,0
a25238,JBU726  ,United States,1713885106,1713885106,-71.0145,42.3644,,True,2.31,343.12,,,,5627,False,0
a36553,JBU2432 ,United States,1713885117,1713885239,-71.0153,42.3664,,True,0.0,236.25,,,,2604,False,0
ab1c04,AAL877  ,United States,1713885259,1713885267,-71.021,42.3605,,True,0.0,115.31,,,,2314,False,0
a54cd9,,United States,1713885132,1713885132,-71.0208,42.3613,,True,0.64,348.75,,,,,False,0
ade18c,AAL901  ,United States,1713885324,1713885327,-71.0175,42.3598,,True,0.0,351.56,,,,7172,False,0
a35592,JBU591  ,United States,1713885327,1713885327,-71.0142,42.368,,True,0.06,261.56,,,,3637,False,0
a04e00,DAL531  ,United States,1713885323,1713885323,-71.0207,42.3636,,True,0.06,5.62,,,,2267,False,0
a1d811,RPA5616 ,United States,1713885322,1713885327,-71.0234,42.3644,,True,1.03,92.81,,,,,False,0
a66576,DAL340  ,United States,1713885311,1713885311,-71.0146,42.3608,,True,9.77,19.69,,,,,False,0
a2b26b,JBU1954 ,United States,1713885268,1713885269,-71.0151,42.3648,,True,0.0,16.88,,,,0513,False,0
abb972,SWA2676 ,United States,1713885323,1713885323,-71.0155,42.3636,,True,0.0,264.38,,,,3111,False,0
ad3cdf,JBU769  ,United States,1713885307,1713885322,-71.0178,42.368,,True,0.0,241.88,,,,,False,0
adf4e9,JBU2895 ,United States,1713885259,1713885265,-71.0169,42.3676,,True,0.0,208.12,,,,,False,0
a23844,RPA5624 ,United States,1713885326,1713885326,-71.0121,42.3659,,True,10.8,19.69,,,,,False,0
a3b063,LXJ337  ,United States,1713885322,1713885327,-71.0212,42.3746,,True,0.0,312.19,,,,1542,False,0
a34978,JBU1822 ,United States,1713885320,1713885326,-71.0149,42.3674,,True,0.06,334.69,,,,6323,False,0
a25238,JBU726  ,United States,1713885106,1713885106,-71.0145,42.3644,,True,2.31,343.12,,,,5627,False,0
a36553,JBU2432 ,United States,1713885315,1713885315,-71.0153,42.3664,,True,0.0,236.25,,,,2604,False,0
ab1c04,AAL877  ,United States,1713885320,1713885325,-71.021,42.3605,,True,0.0,115.31,,,,2314,False,0
a54cd9,,United States,1713885132,1713885132,-71.0208,42.3613,,True,0.64,348.75,,,,,False,0
ade18c,AAL901  ,United States,1713885380,1713885386,-71.0175,42.3599,,True,0.0,351.56,,,,7172,False,0
a35592,JBU591  ,United States,1713885382,1713885387,-71.0142,42.368,,True,0.06,261.56,,,,3637,False,0
a22358,RPA5625 ,United States,1713885384,1713885384,-71.0216,42.3636,,True,0.0,36.56,,,,,False,0
a04e00,DAL531  ,United States,1713885379,1713885384,-71.0207,42.3636,,True,0.06,5.62,,,,2267,False,0
a1d811,RPA5616 ,United States,1713885384,1713885386,-71.0237,42.3645,,True,0.0,168.75,,,,,False,0
a66576,DAL340  ,United States,1713885388,1713885388,-71.0116,42.368,,True,9.26,334.69,,,,,False,0
a2b26b,JBU1954 ,United States,1713885268,1713885269,-71.0151,42.3648,,True,0.0,16.88,,,,0513,False,0
abb972,SWA2676 ,United States,1713885388,1713885388,-71.0154,42.3636,,True,0.0,264.38,,,,3111,False,0
ad3cdf,JBU769  ,United States,1713885388,1713885388,-71.0178,42.3681,,True,0.0,241.88,,,,,False,0
adf4e9,JBU2895 ,United States,1713885383,1713885388,-71.0168,42.3676,,True,0.0,208.12,,,,,False,0
a23844,RPA5624 ,United States,1713885388,1713885388,-71.0111,42.3698,,True,8.23,36.56,,,,,False,0
a3b063,LXJ337  ,United States,1713885377,1713885386,-71.0212,42.3746,,True,0.0,312.19,,,,1542,False,0
a34978,JBU1822 ,United States,1713885381,1713885381,-71.0149,42.3674,,True,0.06,334.69,,,,6323,False,0
a25238,JBU726  ,United States,1713885106,1713885106,-71.0145,42.3644,,True,2.31,343.12,,,,5627,False,0
a36553,JBU2432 ,United States,1713885370,1713885370,-71.0153,42.3664,,True,0.0,236.25,,,,2604,False,0
ab1c04,AAL877  ,United States,1713885387,1713885387,-71.0201,42.36,,True,3.09,120.94,,,,2314,False,0
a54cd9,,United States,1713885132,1713885132,-71.0208,42.3613,,True,0.64,348.75,,,,,False,0
ade18c,AAL901  ,United States,1713885451,1713885451,-71.0174,42.3599,,True,0.0,351.56,,,,7172,False,0
a35592,JBU591  ,United States,1713885451,1713885454,-71.0142,42.368,,True,0.06,261.56,,,,3637,False,0
a22358,RPA5625 ,United States,1713885440,1713885440,-71.0216,42.3636,,True,0.0,36.56,,,,,False,0
a04e00,DAL531  ,United States,1713885449,1713885454,-71.0207,42.3636,,True,0.06,5.62,,,,2267,False,0
a1d811,RPA5616 ,United States,1713885437,1713885437,-71.0236,42.3641,,True,0.19,154.69,,,,,False,0
a66576,DAL340  ,United States,1713885456,1713885456,-71.0095,42.3723,,True,8.75,25.31,,,,,False,0
a2b26b,JBU1954 ,United States,1713885268,1713885269,-71.0151,42.3648,,True,0.0,16.88,,,,0513,False,0
abb972,SWA2676 ,United States,1713885443,1713885453,-71.0155,42.3636,,True,0.0,264.38,,,,3111,False,0
ad3cdf,JBU769  ,United States,1713885452,1713885453,-71.0178,42.3681,,True,0.0,241.88,,,,,False,0
adf4e9,JBU2895 ,United States,1713885453,1713885453,-71.0168,42.3676,,True,0.0,208.12,,,,,False,0
a23844,RPA5624 ,United States,1713885456,1713885456,-71.008,42.3752,,True,10.8,19.69,,,,,False,0
a3b063,LXJ337  ,United States,1713885451,1713885451,-71.0212,42.3746,,True,0.0,312.19,,,,1542,False,0
a34978,JBU1822 ,United States,1713885451,1713885453,-71.0149,42.3674,,True,0.06,334.69,,,,6323,False,0
a36553,JBU2432 ,United States,1713885370,1713885389,-71.0153,42.3664,,True,0.0,236.25,,,,2604,False,0
ab1c04,AAL877  ,United States,1713885455,1713885455,-71.0165,42.359,,True,6.94,101.25,,,,2314,False,0
ade18c,AAL901  ,United States,1713885512,1713885512,-71.0175,42.3599,,True,0.0,351.56,,,,7172,False,0
a35592,JBU591  ,United States,1713885511,1713885516,-71.0142,42.368,,True,0.06,261.56,,,,3637,False,0
a487f4,,United States,1713885510,1713885510,-71.0249,42.3721,,True,7.72,306.56,,,,,False,0
a22358,RPA5625 ,United States,1713885505,1713885505,-71.0216,42.3636,,True,0.0,36.56,,,,,False,0
a04e00,DAL531  ,United States,1713885514,1713885514,-71.0207,42.3636,,True,0.06,5.62,,,,2267,False,0
a1d811,RPA5616 ,United States,1713885437,1713885437,-71.0236,42.3641,,True,0.19,154.69,,,,,False,0
a66576,DAL340  ,United States,1713885516,1713885516,-71.0069,42.3774,,True,9.26,19.69,,,,,False,0
aaf485,AAL2134 ,United States,1713885515,1713885515,-71.0009,42.3737,-53.34,False,68.35,199.8,-3.25,,-7.62,1354,False,0
a2b26b,JBU1954 ,United States,1713885268,1713885269,-71.0151,42.3648,,True,0.0,16.88,,,,0513,False,0
abb972,SWA2676 ,United States,1713885511,1713885516,-71.0153,42.3636,,True,1.8,267.19,,,,3111,False,0
ad3cdf,JBU769  ,United States,1713885512,1713885512,-71.0178,42.3681,,True,0.0,241.88,,,,,False,0
adf4e9,JBU2895 ,United States,1713885508,1713885513,-71.0168,42.3676,,True,0.0,208.12,,,,,False,0
a23844,RPA5624 ,United States,1713885516,1713885516,-71.0049,42.378,,True,7.2,146.25,,,,,False,0
a3b063,LXJ337  ,United States,1713885512,1713885512,-71.0212,42.3746,,True,0.0,312.19,,,,1542,False,0
a34978,JBU1822 ,United States,1713885515,1713885515,-71.0149,42.3674,,True,0.06,334.69,,,,6323,False,0
a36553,JBU2432 ,United States,1713885495,1713885500,-71.0153,42.3664,,True,0.0,236.25,,,,2604,False,0
ab1c04,AAL877  ,United States,1713885506,1713885506,-71.0145,42.361,,True,8.23,19.69,,,,2314,False,0
a147d1,,United States,1713885516,1713885516,-71.0216,42.3718,,True,9.26,50.62,,,,,False,0
ade18c,AAL901  ,United States,1713885576,1713885576,-71.0175,42.3599,,True,0.0,351.56,,,,7172,False,0
a35592,JBU591  ,United States,1713885576,1713885576,-71.0142,42.368,,True,0.06,261.56,,,,3637,False,0
a487f4,,United States,1713885578,1713885578,-71.023,42.3709,,True,8.75,90.0,,,,,False,0
a22358,RPA5625 ,United States,1713885570,1713885570,-71.0216,42.3636,,True,0.0,36.56,,,,,False,0
a04e00,DAL531  ,United States,1713885574,1713885574,-71.0207,42.3636,,True,0.06,5.62,,,,2267,False,0
a1d811,RPA5616 ,United States,1713885437,1713885437,-71.0236,42.3641,,True,0.19,154.69,,,,,False,0
a66576,DAL340  ,United States,1713885578,1713885578,-71.0049,42.3775,,True,4.63,196.88,,,,,False,0
aaf485,AAL2134 ,United States,1713885575,1713885577,-71.0106,42.3584,,True,6.43,247.5,,,,1354,False,0
a2b26b,JBU1954 ,United States,1713885268,1713885269,-71.0151,42.3648,,True,0.0,16.88,,,,0513,False,0
abb972,SWA2676 ,United States,1713885575,1713885577,-71.0143,42.3634,,True,0.06,14.06,,,,3111,False,0
ad3cdf,JBU769  ,United States,1713885577,1713885577,-71.0178,42.3681,,True,0.0,241.88,,,,,False,0
adf4e9,JBU2895 ,United States,1713885573,1713885578,-71.0168,42.3676,,True,0.0,208.12,,,,,False,0
a23844,RPA5624 ,United States,1713885578,1713885578,-71.018,42.3503,259.08,False,72.4,197.79,14.31,,297.18,,False,0
a3b063,LXJ337  ,United States,1713885571,1713885578,-71.0212,42.3746,,True,0.0,312.19,,,,1542,False,0
a34978,JBU1822 ,United States,1713885570,1713885575,-71.0149,42.3674,,True,0.06,334.69,,,,6323,False,0
a36553,JBU2432 ,United States,1713885495,1713885500,-71.0153,42.3664,,True,0.0,236.25,,,,2604,False,0
ab1c04,AAL877  ,United States,1713885578,1713885578,-71.0116,42.367,,True,9.77,19.69,,,,2314,False,0
a147d1,,United States,1713885518,1713885518,-71.0215,42.3719,,True,9.26,56.25,,,,,False,0
ade18c,AAL901  ,United States,1713885621,1713885630,-71.0175,42.3599,,True,0.0,351.56,,,,7172,False,0
a35592,JBU591  ,United States,1713885626,1713885626,-71.0142,42.368,,True,0.06,261.56,,,,3637,False,0
a487f4,,United States,1713885600,1713885600,-71.0211,42.372,,True,7.2,67.5,,,,,False,0
a22358,RPA5625 ,United States,1713885605,1713885605,-71.0216,42.3636,,True,0.0,36.56,,,,,False,0
a04e00,DAL531  ,United States,1713885629,1713885629,-71.0207,42.3636,,True,0.06,5.62,,,,2267,False,0
a1d811,RPA5616 ,United States,1713885629,1713885629,-71.0234,42.3624,,True,6.17,182.81,,,,,False,0
a66576,DAL340  ,United States,1713885629,1713885629,-71.0173,42.3504,167.64,False,88.32,188.04,16.58,,198.12,,False,0
aaf485,AAL2134 ,United States,1713885630,1713885630,-71.0128,42.3585,,True,2.83,275.62,,,,1354,False,0
abb972,SWA2676 ,United States,1713885616,1713885616,-71.0143,42.3634,,True,0.0,14.06,,,,3111,False,0
ad3cdf,JBU769  ,United States,1713885622,1713885627,-71.0178,42.3681,,True,0.0,241.88,,,,,False,0
adf4e9,JBU2895 ,United States,1713885628,1713885628,-71.0168,42.3676,,True,0.0,208.12,,,,,False,0
a3b063,LXJ337  ,United States,1713885621,1713885628,-71.0212,42.3746,,True,0.0,312.19,,,,1542,False,0
a34978,JBU1822 ,United States,1713885620,1713885629,-71.0149,42.3674,,True,0.06,334.69,,,,6323,False,0
a4491d,,United States,1713885629,1713885629,-71.0166,42.3608,,True,1.29,289.69,,,,,False,0
a36553,JBU2432 ,United States,1713885626,1713885626,-71.0153,42.3664,,True,0.0,236.25,,,,2604,False,0
ab1c04,AAL877  ,United States,1713885629,1713885629,-71.0115,42.3696,,True,7.2,45.0,,,,2314,False,0
a147d1,,United States,1713885579,1713885579,-71.0138,42.3685,,True,14.4,135.0,,,,,False,0
ade18c,AAL901  ,United States,1713885693,1713885693,-71.0175,42.3599,,True,0.0,351.56,,,,7172,False,0
a35592,JBU591  ,United States,1713885691,1713885696,-71.0142,42.368,,True,0.06,261.56,,,,3637,False,0
a487f4,,United States,1713885600,1713885600,-71.0211,42.372,,True,7.2,67.5,,,,,False,0
a22358,RPA5625 ,United States,1713885665,1713885665,-71.0216,42.3636,,True,0.0,36.56,,,,,False,0
a04e00,DAL531  ,United States,1713885694,1713885694,-71.0207,42.3636,,True,0.06,5.62,,,,2267,False,0
a1d811,RPA5616 ,United States,1713885698,1713885698,-71.0207,42.3595,,True,10.29,120.94,,,,,False,0
aaf485,AAL2134 ,United States,1713885696,1713885697,-71.0173,42.3591,,True,6.69,281.25,,,,1354,False,0
abb972,SWA2676 ,United States,1713885631,1713885632,-71.0143,42.3634,,True,0.0,14.06,,,,3111,False,0
ad3cdf,JBU769  ,United States,1713885697,1713885697,-71.0178,42.3681,,True,0.0,241.88,,,,,False,0
adf4e9,JBU2895 ,United States,1713885693,1713885693,-71.0169,42.3676,,True,0.0,208.12,,,,,False,0
acaa77,AAL2297 ,United States,1713885698,1713885698,-71.0039,42.3675,-76.2,False,75.34,199.55,-0.98,,-22.86,2213,False,0
a3b063,LXJ337  ,United States,1713885697,1713885698,-71.0212,42.3746,,True,0.0,312.19,,,,1542,False,0
a34978,JBU1822 ,United States,1713885689,1713885694,-71.0149,42.3674,,True,0.06,334.69,,,,6323,False,0
a3a155,DAL1103 ,United States,1713885695,1713885697,-71.0237,42.3647,,True,1.54,180.0,,,,,False,0
a4491d,UAL1413 ,United States,1713885662,1713885668,-71.0159,42.3607,,True,1.54,337.5,,,,,False,0
a36553,JBU2432 ,United States,1713885666,1713885670,-71.0153,42.3664,,True,0.0,236.25,,,,2604,False,0
ab1c04,AAL877  ,United States,1713885695,1713885695,-71.009,42.3732,,True,8.23,22.5,,,,2314,False,0
a147d1,,United States,1713885579,1713885579,-71.0138,42.3685,,True,14.4,135.0,,,,,False,0
ade18c,AAL901  ,United States,1713885748,1713885753,-71.0175,42.3599,,True,0.0,351.56,,,,7172,False,0
a35592,JBU591  ,United States,1713885751,1713885755,-71.0142,42.368,,True,0.06,261.56,,,,3637,False,0
a487f4,,United States,1713885600,1713885600,-71.0211,42.372,,True,7.2,67.5,,,,,False,0
a22358,RPA5625 ,United States,1713885730,1713885730,-71.0216,42.3636,,True,0.0,36.56,,,,,False,0
ab9a32,DAL759  ,United States,1713885740,1713885755,-71.0243,42.3634,,True,0.0,286.88,,,,,False,0
a04e00,DAL531  ,United States,1713885754,1713885754,-71.0207,42.3636,,True,0.0,5.62,,,,2267,False,0
a1d811,RPA5616 ,United States,1713885755,1713885755,-71.0155,42.3589,,True,8.23,19.69,,,,,False,0
aaf485,AAL2134 ,United States,1713885755,1713885755,-71.0204,42.3605,,True,1.54,8.44,,,,1354,False,0
abb972,SWA2676 ,United States,1713885754,1713885754,-71.0133,42.3653,,True,7.46,28.12,,,,3111,False,0
ad3cdf,JBU769  ,United States,1713885753,1713885753,-71.0178,42.3681,,True,0.0,241.88,,,,,False,0
adf4e9,JBU2895 ,United States,1713885754,1713885754,-71.0169,42.3676,,True,0.0,208.12,,,,,False,0
acaa77,AAL2297 ,United States,1713885754,1713885754,-71.0104,42.3583,,True,5.92,278.44,,,,2213,False,0
a3b063,LXJ337  ,United States,1713885747,1713885752,-71.0212,42.3746,,True,0.0,312.19,,,,1542,False,0
a34978,JBU1822 ,United States,1713885755,1713885755,-71.0149,42.3674,,True,0.06,334.69,,,,6323,False,0
a3a155,DAL1103 ,United States,1713885748,1713885753,-71.0237,42.3649,,True,0.0,177.19,,,,,False,0
a4491d,UAL1413 ,United States,1713885662,1713885668,-71.0159,42.3607,,True,1.54,337.5,,,,,False,0
a36553,JBU2432 ,United States,1713885736,1713885749,-71.0153,42.3664,,True,0.0,236.25,,,,2604,False,0
ab1c04,AAL877  ,United States,1713885754,1713885754,-71.0067,42.3779,,True,4.63,19.69,,,,2314,False,0
a147d1,,United States,1713885704,1713885704,-71.0167,42.3573,,True,10.8,205.31,,,,,False,0
ade18c,AAL901  ,United States,1713885817,1713885817,-71.0175,42.3599,,True,0.0,351.56,,,,7172,False,0
a35592,JBU591  ,United States,1713885817,1713885817,-71.0142,42.368,,True,0.06,261.56,,,,3637,False,0
a487f4,,United States,1713885600,1713885600,-71.0211,42.372,,True,7.2,67.5,,,,,False,0
a22358,RPA5625 ,United States,1713885810,1713885815,-71.0216,42.3636,,True,0.0,36.56,,,,,False,0
ab9a32,DAL759  ,United States,1713885814,1713885817,-71.0235,42.3635,,True,1.29,174.38,,,,,False,0
a04e00,DAL531  ,United States,1713885813,1713885814,-71.0207,42.3636,,True,0.06,5.62,,,,2267,False,0
a1d811,RPA5616 ,United States,1713885817,1713885817,-71.0126,42.3648,,True,10.29,19.69,,,,,False,0
aaf485,AAL2134 ,United States,1713885812,1713885814,-71.0198,42.3607,,True,0.0,67.5,,,,1354,False,0
abb972,SWA2676 ,United States,1713885816,1713885816,-71.012,42.3692,,True,7.72,47.81,,,,3111,False,0
ad3cdf,JBU769  ,United States,1713885818,1713885818,-71.0178,42.3681,,True,0.0,241.88,,,,,False,0
adf4e9,JBU2895 ,United States,1713885804,1713885813,-71.0169,42.3676,,True,0.0,208.12,,,,,False,0
acaa77,AAL2297 ,United States,1713885817,1713885817,-71.0155,42.3588,,True,4.89,281.25,,,,2213,False,0
a3b063,LXJ337  ,United States,1713885812,1713885812,-71.0212,42.3746,,True,0.0,312.19,,,,1542,False,0
a34978,JBU1822 ,United States,1713885816,1713885816,-71.0149,42.3674,,True,0.06,334.69,,,,6323,False,0
a3a155,DAL1103 ,United States,1713885813,1713885813,-71.0237,42.3649,,True,0.0,177.19,,,,,False,0
a4491d,UAL1413 ,United States,1713885662,1713885668,-71.0159,42.3607,,True,1.54,337.5,,,,,False,0
a36553,JBU2432 ,United States,1713885812,1713885812,-71.0153,42.3664,,True,0.0,236.25,,,,2604,False,0
ac3e5d,SWA3048 ,United States,1713885817,1713885818,-71.0145,42.3629,,True,0.77,14.06,,,,,False,0
ab1c04,AAL877  ,United States,1713885808,1713885817,-71.0048,42.3777,,True,0.0,199.69,,,,2314,False,0
a147d1,,United States,1713885704,1713885704,-71.0167,42.3573,,True,10.8,205.31,,,,,False,0
ade18c,AAL901  ,United States,1713885832,1713885838,-71.0175,42.3599,,True,0.0,351.56,,,,7172,False,0
a35592,JBU591  ,United States,1713885837,1713885842,-71.0142,42.368,,True,0.06,261.56,,,,3637,False,0
a487f4,,United States,1713885600,1713885600,-71.0211,42.372,,True,7.2,67.5,,,,,False,0
a22358,RPA5625 ,United States,1713885839,1713885844,-71.0216,42.3636,,True,0.0,36.56,,,,,False,0
ab9a32,DAL759  ,United States,1713885839,1713885844,-71.0235,42.3638,,True,1.29,171.56,,,,,False,0
a04e00,DAL531  ,United States,1713885839,1713885839,-71.0207,42.3636,,True,0.06,5.62,,,,2267,False,0
a1d811,RPA5616 ,United States,1713885844,1713885844,-71.0116,42.3669,,True,8.75,19.69,,,,,False,0
aaf485,AAL2134 ,United States,1713885844,1713885844,-71.0199,42.3607,,True,0.0,67.5,,,,1354,False,0
a4c9d5,JBU1620 ,United States,1713885843,1713885843,-71.018,42.3691,,True,0.0,300.94,,,,7254,False,0
abb972,SWA2676 ,United States,1713885843,1713885843,-71.0105,42.3708,,True,8.23,28.12,,,,3111,False,0
ad3cdf,JBU769  ,United States,1713885843,1713885843,-71.0178,42.3681,,True,0.0,241.88,,,,,False,0
adf4e9,JBU2895 ,United States,1713885844,1713885844,-71.0169,42.3676,,True,0.0,208.12,,,,,False,0
acaa77,AAL2297 ,United States,1713885842,1713885842,-71.0169,42.359,,True,4.63,281.25,,,,2213,False,0
a3b063,LXJ337  ,United States,1713885837,1713885842,-71.0212,42.3746,,True,0.0,312.19,,,,1542,False,0
a34978,JBU1822 ,United States,1713885836,1713885841,-71.0149,42.3674,,True,0.06,334.69,,,,6323,False,0
aca29a,,United States,1713885830,1713885830,-71.018,42.3686,,True,0.0,270.0,,,,,False,0
a3a155,DAL1103 ,United States,1713885844,1713885844,-71.0237,42.3649,,True,0.0,177.19,,,,,False,0
a4491d,UAL1413 ,United States,1713885662,1713885668,-71.0159,42.3607,,True,1.54,337.5,,,,,False,0
a36553,JBU2432 ,United States,1713885837,1713885837,-71.0153,42.3664,,True,0.0,236.25,,,,2604,False,0
ac3e5d,SWA3048 ,United States,1713885837,1713885844,-71.0145,42.3629,,True,0.0,14.06,,,,,False,0
ab1c04,AAL877  ,United States,1713885844,1713885844,-71.0064,42.3744,,True,41.16,199.69,,,,2314,False,0
a147d1,,United States,1713885704,1713885704,-71.0167,42.3573,,True,10.8,205.31,,,,,False,0
ade18c,AAL901  ,United States,1713885900,1713885901,-71.0175,42.3599,,True,0.0,351.56,,,,7172,False,0
a35592,JBU591  ,United States,1713885932,1713885932,-71.0142,42.368,,True,0.06,261.56,,,,3637,False,0
a22358,RPA5625 ,United States,1713885917,1713885930,-71.0216,42.3636,,True,0.0,36.56,,,,,False,0
ab9a32,DAL759  ,United States,1713885933,1713885934,-71.0236,42.3641,,True,0.0,163.12,,,,,False,0
a04e00,DAL531  ,United States,1713885925,1713885932,-71.0207,42.3636,,True,0.06,5.62,,,,2267,False,0
a1d811,RPA5616 ,United States,1713885931,1713885932,-71.0092,42.3728,,True,10.29,25.31,,,,,False,0
a24720,RPA5753 ,United States,1713885929,1713885929,-71.0203,42.3638,,True,0.0,306.56,,,,,False,0
aaf485,AAL2134 ,United States,1713885932,1713885932,-71.0198,42.3607,,True,0.0,67.5,,,,1354,False,0
a4c9d5,JBU1620 ,United States,1713885927,1713885932,-71.018,42.369,,True,0.0,300.94,,,,7254,False,0
abb972,SWA2676 ,United States,1713885934,1713885934,-71.0067,42.3779,,True,8.23,19.69,,,,3111,False,0
ab9b81,SCX252  ,United States,1713885923,1713885930,-71.0174,42.3702,,True,0.0,247.5,,,,,False,0
ad3cdf,JBU769  ,United States,1713885929,1713885929,-71.0178,42.3681,,True,0.0,241.88,,,,,False,0
adf4e9,JBU2895 ,United States,1713885932,1713885932,-71.0169,42.3676,,True,0.0,208.12,,,,,False,0
acaa77,AAL2297 ,United States,1713885933,1713885933,-71.0183,42.36,,True,0.19,22.5,,,,2213,False,0
a3b063,LXJ337  ,United States,1713885929,1713885932,-71.0212,42.3746,,True,0.0,312.19,,,,1542,False,0
a34978,JBU1822 ,United States,1713885922,1713885931,-71.0149,42.3674,,True,0.06,334.69,,,,6323,False,0
aca29a,JBU2051 ,United States,1713885878,1713885879,-71.018,42.3686,,True,0.0,270.0,,,,,False,0
a3a155,DAL1103 ,United States,1713885927,1713885932,-71.0237,42.3649,,True,0.0,177.19,,,,,False,0
a4491d,UAL1413 ,United States,1713885925,1713885925,-71.0152,42.3616,,True,5.4,19.69,,,,,False,0
a36553,JBU2432 ,United States,1713885924,1713885924,-71.0153,42.3664,,True,0.0,236.25,,,,2604,False,0
ac3e5d,SWA3048 ,United States,1713885933,1713885933,-71.0145,42.3629,,True,0.0,14.06,,,,,False,0
a147d1,,United States,1713885704,1713885704,-71.0167,42.3573,,True,10.8,205.31,,,,,False,0
ade18c,AAL901  ,United States,1713885943,1713885944,-71.0174,42.3598,,True,0.0,351.56,,,,7172,False,0
a35592,JBU591  ,United States,1713885997,1713885997,-71.0142,42.368,,True,0.06,261.56,,,,3637,False,0
a4c527,RPA4716 ,United States,1713885996,1713885996,-71.0084,42.3582,,True,7.2,222.19,,,,6653,False,0
a22358,RPA5625 ,United States,1713885994,1713885996,-71.0222,42.3632,,True,0.64,47.81,,,,,False,0
ab9a32,DAL759  ,United States,1713885974,1713885979,-71.0236,42.3641,,True,0.0,163.12,,,,,False,0
a04e00,DAL531  ,United States,1713885998,1713885998,-71.0207,42.3636,,True,0.06,5.62,,,,2267,False,0
a1d811,RPA5616 ,United States,1713885999,1713885999,-71.0066,42.3781,,True,4.89,25.31,,,,,False,0
a24720,RPA5753 ,United States,1713885954,1713885969,-71.0203,42.3638,,True,0.0,306.56,,,,,False,0
aaf485,AAL2134 ,United States,1713885991,1713885995,-71.0198,42.3607,,True,0.0,67.5,,,,1354,False,0
a4c9d5,JBU1620 ,United States,1713885998,1713885998,-71.018,42.3691,,True,0.0,300.94,,,,7254,False,0
abb972,SWA2676 ,United States,1713886000,1713886000,-71.0084,42.3704,-60.96,False,62.81,199.62,0.0,,-15.24,3111,False,0
ab9b81,SCX252  ,United States,1713885997,1713886000,-71.0167,42.3705,,True,1.29,216.56,,,,,False,0
ad3cdf,JBU769  ,United States,1713885998,1713885998,-71.0178,42.3681,,True,0.0,241.88,,,,,False,0
adf4e9,JBU2895 ,United States,1713885998,1713885998,-71.0169,42.3676,,True,0.0,208.12,,,,,False,0
acaa77,AAL2297 ,United States,1713885942,1713885943,-71.0183,42.36,,True,0.0,22.5,,,,2213,False,0
a3b063,LXJ337  ,United States,1713885998,1713886000,-71.0212,42.3746,,True,0.0,312.19,,,,1542,False,0
a34978,JBU1822 ,United States,1713885990,1713885995,-71.0149,42.3674,,True,0.06,334.69,,,,6323,False,0
aca29a,JBU2051 ,United States,1713885961,1713885962,-71.018,42.3686,,True,0.0,270.0,,,,,False,0
a3a155,DAL1103 ,United States,1713885993,1713885998,-71.0237,42.3649,,True,0.0,177.19,,,,,False,0
a4491d,UAL1413 ,United States,1713886000,1713886000,-71.0121,42.3659,,True,6.43,19.69,,,,,False,0
a36553,JBU2432 ,United States,1713885968,1713885968,-71.0153,42.3664,,True,0.0,236.25,,,,2604,False,0
ac3e5d,SWA3048 ,United States,1713885999,1713885999,-71.0145,42.3629,,True,0.0,14.06,,,,,False,0
a147d1,,United States,1713885704,1713885704,-71.0167,42.3573,,True,10.8,205.31,,,,,False,0
ade18c,AAL901  ,United States,1713885943,1713885944,-71.0174,42.3598,,True,0.0,351.56,,,,7172,False,0
a35592,JBU591  ,United States,1713886052,1713886055,-71.0142,42.368,,True,0.06,258.75,,,,3637,False,0
a4c527,RPA4716 ,United States,1713886056,1713886057,-71.0128,42.3585,,True,0.51,278.44,,,,6653,False,0
a22358,RPA5625 ,United States,1713886056,1713886056,-71.0222,42.363,,True,0.45,298.12,,,,,False,0
ab9a32,DAL759  ,United States,1713886052,1713886052,-71.0234,42.3627,,True,6.17,182.81,,,,,False,0
a04e00,DAL531  ,United States,1713886053,1713886053,-71.0207,42.3636,,True,0.06,5.62,,,,2267,False,0
a1d811,RPA5616 ,United States,1713886057,1713886057,-71.0066,42.3741,-60.96,False,40.52,200.05,0.0,,-15.24,,False,0
a1be10,RPA5600 ,United States,1713886056,1713886057,-71.0022,42.3709,-68.58,False,66.24,199.98,-0.98,,-15.24,1706,False,0
a24720,RPA5753 ,United States,1713886057,1713886057,-71.0203,42.3638,,True,0.0,306.56,,,,,False,0
aaf485,AAL2134 ,United States,1713886056,1713886056,-71.0198,42.3607,,True,0.0,67.5,,,,1354,False,0
a4c9d5,JBU1620 ,United States,1713886054,1713886054,-71.018,42.3691,,True,0.0,300.94,,,,7254,False,0
ab9b81,SCX252  ,United States,1713886035,1713886035,-71.0166,42.3708,,True,1.03,126.56,,,,,False,0
ad3cdf,JBU769  ,United States,1713886053,1713886053,-71.0178,42.3681,,True,0.0,241.88,,,,,False,0
adf4e9,JBU2895 ,United States,1713886043,1713886053,-71.0169,42.3676,,True,0.0,208.12,,,,,False,0
acaa77,AAL2297 ,United States,1713885942,1713885943,-71.0183,42.36,,True,0.0,22.5,,,,2213,False,0
a3b063,LXJ337  ,United States,1713886048,1713886053,-71.0212,42.3746,,True,0.0,312.19,,,,1542,False,0
a34978,JBU1822 ,United States,1713886055,1713886055,-71.0149,42.3674,,True,0.06,334.69,,,,6323,False,0
aca29a,JBU2051 ,United States,1713885961,1713885962,-71.018,42.3686,,True,0.0,270.0,,,,,False,0
a3a155,DAL1103 ,United States,1713886056,1713886056,-71.0237,42.3644,,True,2.31,180.0,,,,,False,0
a4491d,UAL1413 ,United States,1713886055,1713886057,-71.0123,42.3687,,True,5.66,0.0,,,,,False,0
a36553,JBU2432 ,United States,1713886038,1713886038,-71.0153,42.3664,,True,0.0,236.25,,,,2604,False,0
ac3e5d,SWA3048 ,United States,1713886054,1713886057,-71.0145,42.3629,,True,0.0,14.06,,,,,False,0
ade18c,AAL901  ,United States,1713885943,1713885944,-71.0174,42.3598,,True,0.0,351.56,,,,7172,False,0
a35592,JBU591  ,United States,1713886117,1713886117,-71.0142,42.368,,True,0.06,258.75,,,,3637,False,0
a4c527,RPA4716 ,United States,1713886120,1713886120,-71.0148,42.3587,,True,7.2,281.25,,,,6653,False,0
a22358,RPA5625 ,United States,1713886098,1713886099,-71.0225,42.3631,,True,0.26,306.56,,,,,False,0
ab9a32,DAL759  ,United States,1713886117,1713886117,-71.0227,42.3604,,True,6.43,129.38,,,,,False,0
a04e00,DAL531  ,United States,1713886118,1713886118,-71.0207,42.3636,,True,0.06,5.62,,,,2267,False,0
a1be10,RPA5600 ,United States,1713886119,1713886119,-71.0109,42.3583,,True,8.23,267.19,,,,1706,False,0
a24720,RPA5753 ,United States,1713886117,1713886120,-71.0202,42.3636,,True,1.29,30.94,,,,,False,0
aaf485,AAL2134 ,United States,1713886111,1713886116,-71.0198,42.3606,,True,0.0,67.5,,,,1354,False,0
a4c9d5,JBU1620 ,United States,1713886114,1713886118,-71.018,42.3691,,True,0.0,300.94,,,,7254,False,0
ab9b81,SCX252  ,United States,1713886035,1713886035,-71.0166,42.3708,,True,1.03,126.56,,,,,False,0
ad3cdf,JBU769  ,United States,1713886118,1713886118,-71.0178,42.3681,,True,0.0,241.88,,,,,False,0
adf4e9,JBU2895 ,United States,1713886118,1713886118,-71.0169,42.3676,,True,0.0,208.12,,,,,False,0
acaa77,AAL2297 ,United States,1713885942,1713885943,-71.0183,42.36,,True,0.0,22.5,,,,2213,False,0
a3b063,LXJ337  ,United States,1713886104,1713886119,-71.0212,42.3746,,True,0.0,312.19,,,,1542,False,0
a5ade3,WUP465  ,United States,1713886115,1713886121,-71.0216,42.375,,True,0.0,323.44,,,,,False,0
a34978,JBU1822 ,United States,1713886120,1713886120,-71.0149,42.3674,,True,0.06,334.69,,,,6323,False,0
a2f092,,United States,1713886117,1713886120,-71.0203,42.3611,,True,1.29,25.31,,,,,False,0
aca29a,JBU2051 ,United States,1713885961,1713885962,-71.018,42.3686,,True,0.0,270.0,,,,,False,0
a3a155,DAL1103 ,United States,1713886115,1713886115,-71.0235,42.3617,,True,4.89,182.81,,,,,False,0
a4491d,UAL1413 ,United States,1713886121,1713886121,-71.0099,42.3717,,True,5.14,25.31,,,,,False,0
a36553,JBU2432 ,United States,1713886058,1713886058,-71.0153,42.3664,,True,0.0,236.25,,,,2604,False,0
ac3e5d,SWA3048 ,United States,1713886120,1713886120,-71.0128,42.3661,,True,8.75,16.88,,,,,False,0
a30d38,,United States,1713886099,1713886099,-71.0187,42.358,,True,4.63,33.75,,,,,False,0
ade18c,AAL901  ,United States,1713885943,1713885944,-71.0174,42.3598,,True,0.0,351.56,,,,7172,False,0
a35592,JBU591  ,United States,1713886177,1713886177,-71.0142,42.368,,True,0.06,258.75,,,,3637,False,0
a4c527,RPA4716 ,United States,1713886178,1713886178,-71.0195,42.3598,,True,6.69,300.94,,,,6653,False,0
a22358,RPA5625 ,United States,1713886098,1713886099,-71.0225,42.3631,,True,0.26,306.56,,,,,False,0
ab9a32,DAL759  ,United States,1713886178,1713886178,-71.0175,42.3584,,True,7.72,101.25,,,,,False,0
a04e00,DAL531  ,United States,1713886178,1713886178,-71.0207,42.3636,,True,0.06,5.62,,,,2267,False,0
a1be10,RPA5600 ,United States,1713886175,1713886175,-71.0174,42.3591,,True,5.92,281.25,,,,1706,False,0
a24720,RPA5753 ,United States,1713886169,1713886177,-71.0204,42.3631,,True,0.51,213.75,,,,,False,0
aaf485,AAL2134 ,United States,1713886171,1713886177,-71.0198,42.3607,,True,0.0,67.5,,,,1354,False,0
a466c7,DAL2648 ,United States,1713886175,1713886178,-70.9954,42.385,15.24,False,79.73,199.6,-3.9,,60.96,7433,False,0
ab9b81,SCX252  ,United States,1713886035,1713886177,-71.0166,42.3708,,True,1.03,126.56,,,,,False,0
ad3cdf,JBU769  ,United States,1713886173,1713886173,-71.0178,42.3681,,True,0.0,241.88,,,,,False,0
adf4e9,JBU2895 ,United States,1713886173,1713886178,-71.0168,42.3676,,True,0.0,208.12,,,,,False,0
acaa77,AAL2297 ,United States,1713885942,1713885943,-71.0183,42.36,,True,0.0,22.5,,,,2213,False,0
a3b063,LXJ337  ,United States,1713886174,1713886174,-71.0212,42.3746,,True,0.0,312.19,,,,1542,False,0
a5ade3,WUP465  ,United States,1713886170,1713886175,-71.0216,42.375,,True,0.0,323.44,,,,,False,0
a34978,JBU1822 ,United States,1713886174,1713886174,-71.0149,42.3674,,True,0.06,334.69,,,,6323,False,0
a2f092,ENY3836 ,United States,1713886171,1713886178,-71.0209,42.3604,,True,0.64,109.69,,,,,False,0
aca29a,JBU2051 ,United States,1713885961,1713885962,-71.018,42.3686,,True,0.0,270.0,,,,,False,0
a3a155,DAL1103 ,United States,1713886178,1713886178,-71.0207,42.3595,,True,8.75,120.94,,,,,False,0
a4491d,UAL1413 ,United States,1713886177,1713886179,-71.0094,42.3725,,True,0.39,25.31,,,,,False,0
a36553,JBU2432 ,United States,1713886159,1713886159,-71.0153,42.3664,,True,0.0,236.25,,,,2604,False,0
ac3e5d,SWA3048 ,United States,1713886179,1713886179,-71.0112,42.3697,,True,7.46,39.38,,,,,False,0
a30d38,,United States,1713886099,1713886099,-71.0187,42.358,,True,4.63,33.75,,,,,False,0
ade18c,AAL901  ,United States,1713886202,1713886207,-71.0175,42.3599,,True,0.0,351.56,,,,7172,False,0
a35592,JBU591  ,United States,1713886231,1713886231,-71.0142,42.368,,True,0.06,258.75,,,,3637,False,0
a4c527,RPA4716 ,United States,1713886232,1713886232,-71.0218,42.36,,True,1.8,300.94,,,,6653,False,0
a22358,RPA5625 ,United States,1713886229,1713886229,-71.0234,42.3628,,True,5.4,191.25,,,,,False,0
ab9a32,DAL759  ,United States,1713886232,1713886232,-71.0153,42.3613,,True,8.75,19.69,,,,,False,0
a04e00,DAL531  ,United States,1713886223,1713886228,-71.0207,42.3636,,True,0.06,5.62,,,,2267,False,0
a1be10,RPA5600 ,United States,1713886232,1713886232,-71.0204,42.3597,,True,4.63,230.62,,,,1706,False,0
a24720,RPA5753 ,United States,1713886209,1713886215,-71.0203,42.3633,,True,0.0,205.31,,,,,False,0
aaf485,AAL2134 ,United States,1713886232,1713886232,-71.0198,42.3607,,True,0.0,67.5,,,,1354,False,0
a466c7,DAL2648 ,United States,1713886233,1713886233,-71.0084,42.3582,,True,8.23,213.75,,,,7433,False,0
ab9b81,SCX252  ,United States,1713886232,1713886232,-71.0142,42.3699,,True,5.92,132.19,,,,,False,0
ad3cdf,JBU769  ,United States,1713886228,1713886228,-71.0178,42.368,,True,0.0,241.88,,,,,False,0
adf4e9,JBU2895 ,United States,1713886228,1713886228,-71.0169,42.3676,,True,0.0,208.12,,,,,False,0
acaa77,AAL2297 ,United States,1713885942,1713885943,-71.0183,42.36,,True,0.0,22.5,,,,2213,False,0
a3b063,LXJ337  ,United States,1713886233,1713886233,-71.0213,42.3747,,True,1.54,337.5,,,,1542,False,0
a5ade3,WUP465  ,United States,1713886215,1713886221,-71.0216,42.375,,True,0.0,323.44,,,,,False,0
a34978,JBU1822 ,United States,1713886220,1713886224,-71.0149,42.3674,,True,0.06,334.69,,,,6323,False,0
a2f092,ENY3836 ,United States,1713886228,1713886233,-71.0208,42.3604,,True,0.0,118.12,,,,,False,0
aca29a,JBU2051 ,United States,1713885961,1713885962,-71.018,42.3686,,True,0.0,270.0,,,,,False,0
a3a155,DAL1103 ,United States,1713886231,1713886231,-71.0163,42.3593,,True,6.94,16.88,,,,,False,0
a4491d,UAL1413 ,United States,1713886233,1713886233,-71.008,42.3751,,True,8.23,19.69,,,,,False,0
a36553,JBU2432 ,United States,1713886159,1713886229,-71.0153,42.3664,,True,0.0,236.25,,,,2604,False,0
ac3e5d,SWA3048 ,United States,1713886233,1713886233,-71.0095,42.3722,,True,6.69,25.31,,,,,False,0
a30d38,,United States,1713886099,1713886099,-71.0187,42.358,,True,4.63,33.75,,,,,False,0
ade18c,AAL901  ,United States,1713886202,1713886207,-71.0175,42.3599,,True,0.0,351.56,,,,7172,False,0
a35592,JBU591  ,United States,1713886287,1713886296,-71.0142,42.368,,True,0.06,258.75,,,,3637,False,0
a4c527,RPA4716 ,United States,1713886232,1713886232,-71.0218,42.36,,True,1.8,300.94,,,,6653,False,0
a22358,RPA5625 ,United States,1713886276,1713886276,-71.0235,42.3617,,True,2.83,185.62,,,,,False,0
ab9a32,DAL759  ,United States,1713886298,1713886298,-71.013,42.3657,,True,9.26,25.31,,,,,False,0
a04e00,DAL531  ,United States,1713886297,1713886298,-71.0207,42.3636,,True,0.06,5.62,,,,2267,False,0
a1be10,RPA5600 ,United States,1713886291,1713886294,-71.0212,42.3597,,True,0.0,300.94,,,,1706,False,0
a24720,RPA5753 ,United States,1713886209,1713886215,-71.0203,42.3633,,True,0.0,205.31,,,,,False,0
aaf485,AAL2134 ,United States,1713886293,1713886297,-71.0198,42.3606,,True,0.0,67.5,,,,1354,False,0
ad45a4,AAL2247 ,United States,1713886297,1713886297,-70.9948,42.3863,38.1,False,69.63,198.97,-4.55,,76.2,3715,False,0
a466c7,DAL2648 ,United States,1713886296,1713886297,-71.0146,42.3587,,True,7.72,281.25,,,,7433,False,0
ab9b81,SCX252  ,United States,1713886297,1713886298,-71.0108,42.3704,,True,8.75,25.31,,,,,False,0
ad3cdf,JBU769  ,United States,1713886298,1713886298,-71.0178,42.368,,True,0.0,241.88,,,,,False,0
adf4e9,JBU2895 ,United States,1713886290,1713886298,-71.0169,42.3676,,True,0.0,208.12,,,,,False,0
a3b063,LXJ337  ,United States,1713886297,1713886297,-71.0197,42.3741,,True,5.92,135.0,,,,1542,False,0
a5ade3,WUP465  ,United States,1713886287,1713886295,-71.0216,42.375,,True,0.0,323.44,,,,,False,0
a34978,JBU1822 ,United States,1713886290,1713886296,-71.0149,42.3674,,True,0.06,334.69,,,,6323,False,0
a2f092,ENY3836 ,United States,1713886292,1713886297,-71.0208,42.3604,,True,0.0,118.12,,,,,False,0
a3a155,DAL1103 ,United States,1713886296,1713886296,-71.0142,42.3636,,True,9.26,19.69,,,,,False,0
a4491d,UAL1413 ,United States,1713886298,1713886298,-71.006,42.3784,,True,6.17,75.94,,,,,False,0
a36553,JBU2432 ,United States,1713886159,1713886229,-71.0153,42.3664,,True,0.0,236.25,,,,2604,False,0
ac3e5d,SWA3048 ,United States,1713886298,1713886298,-71.0079,42.3753,,True,7.72,19.69,,,,,False,0
a30d38,,United States,1713886099,1713886099,-71.0187,42.358,,True,4.63,33.75,,,,,False,0
ade18c,AAL901  ,United States,1713886202,1713886207,-71.0175,42.3599,,True,0.0,351.56,,,,7172,False,0
a35592,JBU591  ,United States,1713886346,1713886353,-71.0142,42.368,,True,0.06,258.75,,,,3637,False,0
a4c527,RPA4716 ,United States,1713886354,1713886354,-71.0219,42.3613,,True,1.29,84.38,,,,6653,False,0
a22358,RPA5625 ,United States,1713886352,1713886352,-71.0235,42.3617,,True,0.0,185.62,,,,,False,0
ab9a32,DAL759  ,United States,1713886355,1713886355,-71.0114,42.3696,,True,6.94,45.0,,,,,False,0
a04e00,DAL531  ,United States,1713886352,1713886352,-71.0207,42.3636,,True,0.06,5.62,,,,2267,False,0
a1be10,RPA5600 ,United States,1713886350,1713886350,-71.023,42.3615,,True,7.72,22.5,,,,1706,False,0
a24720,RPA5753 ,United States,1713886209,1713886215,-71.0203,42.3633,,True,0.0,205.31,,,,,False,0
aaf485,AAL2134 ,United States,1713886353,1713886353,-71.0198,42.3606,,True,0.0,67.5,,,,1354,False,0
ad45a4,AAL2247 ,United States,1713886354,1713886354,-71.0095,42.3564,,True,10.29,225.0,,,,3715,False,0
a466c7,DAL2648 ,United States,1713886350,1713886350,-71.0171,42.359,,True,3.34,281.25,,,,7433,False,0
ab9b81,SCX252  ,United States,1713886353,1713886353,-71.0077,42.3759,,True,9.26,19.69,,,,,False,0
ad3cdf,JBU769  ,United States,1713886354,1713886354,-71.0178,42.3681,,True,0.0,241.88,,,,,False,0
adf4e9,JBU2895 ,United States,1713886348,1713886354,-71.0169,42.3676,,True,0.0,208.12,,,,,False,0
a2bba4,UAL414  ,United States,1713886343,1713886343,-71.0159,42.3601,,True,1.29,8.44,,,,,False,0
a3b063,LXJ337  ,United States,1713886354,1713886355,-71.0148,42.3704,,True,8.23,135.0,,,,1542,False,0
a5ade3,WUP465  ,United States,1713886344,1713886355,-71.0216,42.375,,True,0.0,323.44,,,,,False,0
a34978,JBU1822 ,United States,1713886349,1713886354,-71.0149,42.3674,,True,0.06,334.69,,,,6323,False,0
a2f092,ENY3836 ,United States,1713886355,1713886355,-71.0206,42.3603,,True,2.83,120.94,,,,,False,0
a3a155,DAL1103 ,United States,1713886354,1713886354,-71.0126,42.3687,,True,7.72,33.75,,,,,False,0
a4491d,UAL1413 ,United States,1713886353,1713886353,-71.0113,42.3644,-60.96,False,82.5,199.68,0.33,,-15.24,,False,0
a36553,JBU2432 ,United States,1713886159,1713886349,-71.0153,42.3664,,True,0.0,236.25,,,,2604,False,0
ac3e5d,SWA3048 ,United States,1713886348,1713886348,-71.0059,42.3784,,True,1.29,95.62,,,,,False,0
a30d38,,United States,1713886099,1713886099,-71.0187,42.358,,True,4.63,33.75,,,,,False,0
ade18c,AAL901  ,United States,1713886380,1713886380,-71.0175,42.3599,,True,0.0,351.56,,,,7172,False,0
a35592,JBU591  ,United States,1713886401,1713886414,-71.0142,42.368,,True,0.06,258.75,,,,3637,False,0
a4c527,RPA4716 ,United States,1713886376,1713886378,-71.0216,42.3614,,True,0.0,84.38,,,,6653,False,0
a22358,RPA5625 ,United States,1713886405,1713886405,-71.0235,42.3614,,True,3.09,177.19,,,,,False,0
ab9a32,DAL759  ,United States,1713886409,1713886413,-71.0091,42.3728,,True,7.72,25.31,,,,,False,0
a04e00,DAL531  ,United States,1713886412,1713886412,-71.0207,42.3636,,True,0.06,5.62,,,,2267,False,0
a1be10,RPA5600 ,United States,1713886410,1713886413,-71.0227,42.3632,,True,0.0,306.56,,,,1706,False,0
a24720,RPA5753 ,United States,1713886209,1713886215,-71.0203,42.3633,,True,0.0,205.31,,,,,False,0
aaf485,AAL2134 ,United States,1713886409,1713886410,-71.0198,42.3606,,True,0.0,67.5,,,,1354,False,0
ad45a4,AAL2247 ,United States,1713886413,1713886413,-71.0132,42.3575,,True,1.29,292.5,,,,3715,False,0
a466c7,DAL2648 ,United States,1713886413,1713886413,-71.0202,42.3601,,True,6.43,300.94,,,,7433,False,0
ab9b81,SCX252  ,United States,1713886413,1713886413,-71.0059,42.3784,,True,2.06,84.38,,,,,False,0
ad3cdf,JBU769  ,United States,1713886409,1713886413,-71.0178,42.3681,,True,0.0,241.88,,,,,False,0
adf4e9,JBU2895 ,United States,1713886409,1713886409,-71.0169,42.3676,,True,0.0,208.12,,,,,False,0
a2bba4,UAL414  ,United States,1713886343,1713886343,-71.0159,42.3601,,True,1.29,8.44,,,,,False,0
aa0d0d,MTN8970 ,United States,1713886413,1713886413,-71.0203,42.3593,,True,4.89,106.88,,,,,False,0
a3b063,LXJ337  ,United States,1713886413,1713886413,-71.0109,42.3701,,True,8.75,25.31,,,,1542,False,0
a5ade3,WUP465  ,United States,1713886404,1713886409,-71.0216,42.375,,True,0.0,323.44,,,,,False,0
a34978,JBU1822 ,United States,1713886414,1713886414,-71.0149,42.3674,,True,0.06,334.69,,,,6323,False,0
a2f092,ENY3836 ,United States,1713886414,1713886414,-71.0191,42.3588,,True,4.12,120.94,,,,,False,0
a3a155,DAL1103 ,United States,1713886413,1713886413,-71.0099,42.3717,,True,5.14,25.31,,,,,False,0
a36553,JBU2432 ,United States,1713886159,1713886349,-71.0153,42.3664,,True,0.0,236.25,,,,2604,False,0
ac3e5d,SWA3048 ,United States,1713886414,1713886414,-71.0048,42.3777,,True,0.64,196.88,,,,,False,0
a30d38,,United States,1713886099,1713886099,-71.0187,42.358,,True,4.63,33.75,,,,,False,0
ade18c,AAL901  ,United States,1713886474,1713886474,-71.0175,42.3598,,True,0.0,351.56,,,,7172,False,0
a35592,JBU591  ,United States,1713886470,1713886475,-71.0142,42.368,,True,0.19,258.75,,,,3637,False,0
a4c527,RPA4716 ,United States,1713886376,1713886378,-71.0216,42.3614,,True,0.0,84.38,,,,6653,False,0
a22358,RPA5625 ,United States,1713886474,1713886474,-71.0191,42.3588,,True,7.72,120.94,,,,,False,0
ab9a32,DAL759  ,United States,1713886475,1713886475,-71.0067,42.3778,,True,7.46,19.69,,,,,False,0
a04e00,DAL531  ,United States,1713886472,1713886472,-71.0207,42.3636,,True,0.06,5.62,,,,2267,False,0
a1be10,RPA5600 ,United States,1713886462,1713886462,-71.0225,42.364,,True,0.64,30.94,,,,1706,False,0
a24720,RPA5753 ,United States,1713886209,1713886215,-71.0203,42.3633,,True,0.0,205.31,,,,,False,0
aaf485,AAL2134 ,United States,1713886474,1713886474,-71.0198,42.3606,,True,0.0,67.5,,,,1354,False,0
ad45a4,AAL2247 ,United States,1713886474,1713886474,-71.0133,42.3575,,True,0.0,292.5,,,,3715,False,0
a466c7,DAL2648 ,United States,1713886474,1713886474,-71.0232,42.3608,,True,2.06,230.62,,,,7433,False,0
ab9b81,SCX252  ,United States,1713886474,1713886475,-71.0047,42.3779,,True,1.29,191.25,,,,,False,0
ad3cdf,JBU769  ,United States,1713886474,1713886474,-71.0178,42.3681,,True,0.0,241.88,,,,,False,0
adf4e9,JBU2895 ,United States,1713886475,1713886475,-71.0169,42.3676,,True,0.0,208.12,,,,,False,0
a2bba4,UAL414  ,United States,1713886343,1713886343,-71.0159,42.3601,,True,1.29,8.44,,,,,False,0
a57229,AAL1057 ,United States,1713886466,1713886474,-71.019,42.3605,,True,0.0,30.94,,,,,False,0
aa0d0d,MTN8970 ,United States,1713886473,1713886473,-71.0172,42.3584,,True,3.34,101.25,,,,,False,0
a3b063,LXJ337  ,United States,1713886474,1713886474,-71.0086,42.374,,True,7.72,19.69,,,,1542,False,0
a5ade3,WUP465  ,United States,1713886469,1713886469,-71.0216,42.375,,True,0.0,326.25,,,,,False,0
a34978,JBU1822 ,United States,1713886469,1713886474,-71.0149,42.3674,,True,0.06,334.69,,,,6323,False,0
a2f092,ENY3836 ,United States,1713886475,1713886475,-71.0165,42.3589,,True,2.06,19.69,,,,,False,0
a3a155,DAL1103 ,United States,1713886474,1713886474,-71.0079,42.3754,,True,8.23,19.69,,,,,False,0
a36553,JBU2432 ,United States,1713886159,1713886419,-71.0153,42.3664,,True,0.0,236.25,,,,2604,False,0
ac3e5d,SWA3048 ,United States,1713886475,1713886475,-71.0139,42.3592,-7.62,False,83.03,200.68,12.03,,15.24,,False,0
ade18c,AAL901  ,United States,1713886529,1713886537,-71.0174,42.3598,,True,0.0,351.56,,,,7172,False,0
a35592,JBU591  ,United States,1713886534,1713886538,-71.0134,42.3681,,True,1.03,199.69,,,,3637,False,0
a4c527,RPA4716 ,United States,1713886376,1713886378,-71.0216,42.3614,,True,0.0,84.38,,,,6653,False,0
a22358,RPA5625 ,United States,1713886517,1713886523,-71.0174,42.3584,,True,0.0,101.25,,,,,False,0
ab9a32,DAL759  ,United States,1713886537,1713886538,-71.0048,42.3777,,True,0.13,199.69,,,,,False,0
a04e00,DAL531  ,United States,1713886537,1713886537,-71.0207,42.3636,,True,0.06,5.62,,,,2267,False,0
a1be10,RPA5600 ,United States,1713886462,1713886462,-71.0225,42.364,,True,0.64,30.94,,,,1706,False,0
a24720,RPA5753 ,United States,1713886535,1713886535,-71.0204,42.3632,,True,2.06,210.94,,,,,False,0
aaf485,AAL2134 ,United States,1713886529,1713886534,-71.0198,42.3607,,True,0.0,67.5,,,,1354,False,0
ad45a4,AAL2247 ,United States,1713886529,1713886534,-71.0133,42.3575,,True,0.0,292.5,,,,3715,False,0
a466c7,DAL2648 ,United States,1713886520,1713886520,-71.0242,42.3609,,True,1.29,309.38,,,,7433,False,0
ab9b81,SCX252  ,United States,1713886538,1713886538,-71.0158,42.3552,83.82,False,88.69,200.01,17.56,,106.68,,False,0
ad3cdf,JBU769  ,United States,1713886524,1713886529,-71.0178,42.3681,,True,0.0,241.88,,,,,False,0
adf4e9,JBU2895 ,United States,1713886525,1713886535,-71.0169,42.3676,,True,0.0,208.12,,,,,False,0
a2bba4,UAL414  ,United States,1713886343,1713886343,-71.0159,42.3601,,True,1.29,8.44,,,,,False,0
a57229,AAL1057 ,United States,1713886537,1713886537,-71.019,42.3605,,True,0.0,30.94,,,,,False,0
a3b063,LXJ337  ,United States,1713886537,1713886537,-71.0068,42.3777,,True,3.09,19.69,,,,1542,False,0
a5ade3,WUP465  ,United States,1713886533,1713886536,-71.0216,42.375,,True,0.0,326.25,,,,,False,0
a34978,JBU1822 ,United States,1713886534,1713886534,-71.0149,42.3674,,True,0.06,334.69,,,,6323,False,0
a2f092,ENY3836 ,United States,1713886537,1713886537,-71.0165,42.3589,,True,0.0,19.69,,,,,False,0
a3a155,DAL1103 ,United States,1713886534,1713886534,-71.0058,42.3784,,True,1.29,90.0,,,,,False,0
a36553,JBU2432 ,United States,1713886159,1713886419,-71.0153,42.3664,,True,0.0,236.25,,,,2604,False,0
ade18c,AAL901  ,United States,1713886595,1713886595,-71.0174,42.3598,,True,0.0,351.56,,,,7172,False,0
a35592,JBU591  ,United States,1713886595,1713886596,-71.0138,42.3686,,True,0.06,137.81,,,,3637,False,0
a4c527,RPA4716 ,United States,1713886376,1713886378,-71.0216,42.3614,,True,0.0,84.38,,,,6653,False,0
a22358,RPA5625 ,United States,1713886591,1713886592,-71.0166,42.3587,,True,3.6,25.31,,,,,False,0
ab9a32,DAL759  ,United States,1713886581,1713886582,-71.0109,42.3651,-60.96,False,81.53,199.92,0.65,,-22.86,,False,0
a04e00,DAL531  ,United States,1713886592,1713886592,-71.0207,42.3636,,True,0.06,5.62,,,,2267,False,0
a1be10,RPA5600 ,United States,1713886462,1713886462,-71.0225,42.364,,True,0.64,30.94,,,,1706,False,0
a9c5c5,JBU651  ,United States,1713886592,1713886594,-71.0173,42.3655,,True,0.06,303.75,,,,,False,0
a24720,RPA5753 ,United States,1713886594,1713886594,-71.0222,42.3626,,True,1.54,239.06,,,,,False,0
aaf485,AAL2134 ,United States,1713886593,1713886593,-71.0198,42.3606,,True,0.0,67.5,,,,1354,False,0
ad45a4,AAL2247 ,United States,1713886589,1713886594,-71.0133,42.3575,,True,0.0,292.5,,,,3715,False,0
a466c7,DAL2648 ,United States,1713886566,1713886566,-71.0243,42.361,,True,0.0,309.38,,,,7433,False,0
ad3cdf,JBU769  ,United States,1713886595,1713886595,-71.0178,42.3681,,True,0.0,241.88,,,,,False,0
adf4e9,JBU2895 ,United States,1713886591,1713886596,-71.0169,42.3676,,True,0.0,208.12,,,,,False,0
a2bba4,UAL414  ,United States,1713886595,1713886595,-71.0149,42.3622,,True,5.66,19.69,,,,,False,0
a57229,AAL1057 ,United States,1713886595,1713886595,-71.019,42.3605,,True,0.0,30.94,,,,,False,0
aa0d0d,MTN8970 ,United States,1713886596,1713886596,-71.0162,42.3594,,True,5.4,22.5,,,,,False,0
a3b063,LXJ337  ,United States,1713886593,1713886593,-71.0057,42.3784,,True,0.19,106.88,,,,1542,False,0
a5ade3,WUP465  ,United States,1713886579,1713886584,-71.0216,42.375,,True,0.0,326.25,,,,,False,0
a34978,JBU1822 ,United States,1713886589,1713886594,-71.0149,42.3674,,True,0.06,334.69,,,,6323,False,0
a2f092,ENY3836 ,United States,1713886594,1713886594,-71.0155,42.3608,,True,6.17,19.69,,,,,False,0
a3a155,DAL1103 ,United States,1713886595,1713886595,-71.0048,42.3778,,True,0.06,196.88,,,,,False,0
a36553,JBU2432 ,United States,1713886159,1713886419,-71.0153,42.3664,,True,0.0,236.25,,,,2604,False,0
ade18c,AAL901  ,United States,1713886654,1713886661,-71.0175,42.3599,,True,0.0,351.56,,,,7172,False,0
a35592,JBU591  ,United States,1713886658,1713886660,-71.0138,42.3686,,True,0.06,137.81,,,,3637,False,0
a4c527,RPA4716 ,United States,1713886376,1713886378,-71.0216,42.3614,,True,0.0,84.38,,,,6653,False,0
a22358,RPA5625 ,United States,1713886656,1713886656,-71.0151,42.3616,,True,4.63,19.69,,,,,False,0
a04e00,DAL531  ,United States,1713886661,1713886661,-71.0207,42.3636,,True,0.06,5.62,,,,2267,False,0
a1be10,RPA5600 ,United States,1713886462,1713886462,-71.0225,42.364,,True,0.64,30.94,,,,1706,False,0
a9c5c5,JBU651  ,United States,1713886660,1713886662,-71.0172,42.3654,,True,1.03,303.75,,,,,False,0
a24720,RPA5753 ,United States,1713886656,1713886656,-71.0231,42.3612,,True,4.89,199.69,,,,,False,0
aaf485,AAL2134 ,United States,1713886654,1713886660,-71.0198,42.3606,,True,0.0,67.5,,,,1354,False,0
ad45a4,AAL2247 ,United States,1713886661,1713886661,-71.0137,42.3576,,True,4.12,289.69,,,,3715,False,0
a466c7,DAL2648 ,United States,1713886566,1713886566,-71.0243,42.361,,True,0.0,309.38,,,,7433,False,0
ad3cdf,JBU769  ,United States,1713886656,1713886661,-71.0178,42.3681,,True,0.0,241.88,,,,,False,0
adf4e9,JBU2895 ,United States,1713886660,1713886660,-71.0169,42.3676,,True,0.0,208.12,,,,,False,0
a2bba4,UAL414  ,United States,1713886662,1713886662,-71.0131,42.3656,,True,6.17,25.31,,,,,False,0
a57229,AAL1057 ,United States,1713886651,1713886659,-71.019,42.3605,,True,0.0,30.94,,,,,False,0
aa0d0d,MTN8970 ,United States,1713886652,1713886652,-71.0149,42.3623,,True,4.37,22.5,,,,,False,0
a3b063,LXJ337  ,United States,1713886661,1713886661,-71.0048,42.3777,,True,0.06,199.69,,,,1542,False,0
a5ade3,WUP465  ,United States,1713886579,1713886584,-71.0216,42.375,,True,0.0,326.25,,,,,False,0
a34978,JBU1822 ,United States,1713886659,1713886659,-71.0149,42.3674,,True,0.06,334.69,,,,6323,False,0
a2f092,ENY3836 ,United States,1713886652,1713886652,-71.0142,42.3637,,True,5.66,19.69,,,,,False,0
a3a155,DAL1103 ,United States,1713886661,1713886661,-71.0183,42.3486,312.42,False,73.27,184.43,14.31,,350.52,,False,0
a36553,JBU2432 ,United States,1713886159,1713886629,-71.0153,42.3664,,True,0.0,236.25,,,,2604,False,0
ade18c,AAL901  ,United States,1713886715,1713886715,-71.0175,42.3599,,True,0.0,351.56,,,,7172,False,0
a35592,JBU591  ,United States,1713886718,1713886718,-71.0138,42.3686,,True,0.06,137.81,,,,3637,False,0
a22358,RPA5625 ,United States,1713886712,1713886712,-71.0138,42.3644,,True,6.17,19.69,,,,,False,0
a04e00,DAL531  ,United States,1713886711,1713886716,-71.0207,42.3636,,True,0.06,5.62,,,,2267,False,0
a1be10,RPA5600 ,United States,1713886462,1713886462,-71.0225,42.364,,True,0.64,30.94,,,,1706,False,0
a9c5c5,JBU651  ,United States,1713886714,1713886718,-71.0165,42.3646,,True,1.54,25.31,,,,,False,0
a24720,RPA5753 ,United States,1713886719,1713886719,-71.0194,42.359,,True,7.2,120.94,,,,,False,0
ad45a4,AAL2247 ,United States,1713886718,1713886718,-71.0173,42.3591,,True,6.17,295.31,,,,3715,False,0
a466c7,DAL2648 ,United States,1713886566,1713886566,-71.0243,42.361,,True,0.0,309.38,,,,7433,False,0
ad3cdf,JBU769  ,United States,1713886710,1713886715,-71.0178,42.3681,,True,0.0,241.88,,,,,False,0
adf4e9,JBU2895 ,United States,1713886715,1713886715,-71.0169,42.3676,,True,0.0,208.12,,,,,False,0
a2bba4,UAL414  ,United States,1713886720,1713886720,-71.0127,42.3686,,True,5.66,30.94,,,,,False,0
a57229,AAL1057 ,United States,1713886717,1713886719,-71.019,42.3605,,True,0.0,30.94,,,,,False,0
aa0d0d,MTN8970 ,United States,1713886719,1713886719,-71.013,42.3657,,True,4.37,19.69,,,,,False,0
a3b063,LXJ337  ,United States,1713886719,1713886720,-71.008,42.3712,-60.96,False,68.04,200.35,4.55,,-15.24,1542,False,0
a5ade3,WUP465  ,United States,1713886579,1713886584,-71.0216,42.375,,True,0.0,326.25,,,,,False,0
a34978,JBU1822 ,United States,1713886719,1713886719,-71.0149,42.3674,,True,0.06,334.69,,,,6323,False,0
a2f092,ENY3836 ,United States,1713886720,1713886720,-71.0125,42.3671,,True,5.66,14.06,,,,,False,0
a2f5ad,KAP907  ,United States,1713886720,1713886720,-71.0,42.3755,-30.48,False,49.8,199.93,-2.93,,0.0,,False,0
a36553,JBU2432 ,United States,1713886159,1713886629,-71.0153,42.3664,,True,0.0,236.25,,,,2604,False,0
ade18c,AAL901  ,United States,1713886773,1713886778,-71.0175,42.3599,,True,0.0,351.56,,,,7172,False,0
a35592,JBU591  ,United States,1713886779,1713886779,-71.0138,42.3686,,True,0.06,137.81,,,,3637,False,0
aa57df,AAL109  ,United States,1713886779,1713886779,-70.9919,42.3921,60.96,False,70.63,200.02,-3.58,,114.3,,False,0
a22358,RPA5625 ,United States,1713886779,1713886779,-71.0126,42.3667,,True,6.94,14.06,,,,,False,0
a04e00,DAL531  ,United States,1713886778,1713886778,-71.0207,42.3636,,True,0.06,5.62,,,,2267,False,0
a9c5c5,JBU651  ,United States,1713886777,1713886777,-71.0167,42.3648,,True,1.03,42.19,,,,,False,0
a24720,RPA5753 ,United States,1713886779,1713886779,-71.0168,42.3584,,True,4.89,75.94,,,,,False,0
ad45a4,AAL2247 ,United States,1713886780,1713886780,-71.019,42.3599,,True,3.09,16.88,,,,3715,False,0
a466c7,DAL2648 ,United States,1713886566,1713886566,-71.0243,42.361,,True,0.0,309.38,,,,7433,False,0
ad3cdf,JBU769  ,United States,1713886778,1713886778,-71.0178,42.3681,,True,0.0,241.88,,,,,False,0
adf4e9,JBU2895 ,United States,1713886774,1713886780,-71.0168,42.3676,,True,0.0,208.12,,,,,False,0
a2bba4,UAL414  ,United States,1713886778,1713886778,-71.011,42.3701,,True,6.94,30.94,,,,,False,0
a57229,AAL1057 ,United States,1713886779,1713886779,-71.019,42.3605,,True,0.0,30.94,,,,,False,0
aa0d0d,MTN8970 ,United States,1713886778,1713886778,-71.013,42.3682,,True,5.14,2.81,,,,,False,0
a3b063,LXJ337  ,United States,1713886775,1713886778,-71.0172,42.3404,784.86,False,84.01,183.51,18.86,,822.96,1542,False,0
a5ade3,WUP465  ,United States,1713886579,1713886584,-71.0216,42.375,,True,0.0,326.25,,,,,False,0
a34978,JBU1822 ,United States,1713886777,1713886777,-71.0149,42.3674,,True,0.06,334.69,,,,6323,False,0
a2f092,ENY3836 ,United States,1713886777,1713886777,-71.0126,42.3687,,True,5.14,39.38,,,,,False,0
aca29a,JBU2051 ,United States,1713886776,1713886776,-71.018,42.3686,,True,0.0,270.0,,,,,False,0
a2f5ad,KAP907  ,United States,1713886779,1713886779,-71.0059,42.3632,-60.96,False,26.2,199.5,0.0,,-22.86,,False,0
a36553,JBU2432 ,United States,1713886159,1713886629,-71.0153,42.3664,,True,0.0,236.25,,,,2604,False,0
